realSum,room_type,person_capacity,host_is_superhost,cleanliness_rating,bedrooms,dist,metro_dist
194.03369812293488,Private room,2,False,10,1,5.022963798088291,2.539380002594493
344.2457760176224,Private room,4,False,8,1,0.4883892888289836,0.2394039228349863
264.1014224451058,Private room,2,False,9,1,5.748311915159562,3.651621288793656
433.5293979799874,Private room,4,False,9,2,0.384862012821602,0.4398760761319157
485.5529257375859,Private room,2,True,10,1,0.5447381834292384,0.3186926468416831
552.808567478265,Private room,3,False,8,2,2.13142008057136,1.904668241410844
215.12431748412348,Private room,2,False,10,1,1.8810915643710744,0.7297467390303181
2771.3073840601787,Entire home/apt,4,True,10,3,1.6868069652027278,1.4584035662283186
1001.8044196564572,Entire home/apt,4,False,9,2,3.719141398657261,1.1961123528716675
276.52145384669467,Private room,2,False,10,1,3.142361425629701,0.9244044386046626
909.4743748974762,Entire home/apt,2,False,10,1,1.0099220248634968,0.9171150679278918
319.6400534295691,Private room,2,True,10,1,2.182707104451588,1.590381362751412
675.6028402034074,Entire home/apt,4,False,8,1,2.9330458432919566,0.6280730466725806
552.808567478265,Entire home/apt,2,True,10,1,1.3054939315898395,1.3421624076909515
209.03147189089125,Private room,2,False,8,1,7.304535266554101,3.720813885628837
368.8514986056758,Private room,2,True,10,1,1.0311006089592691,0.5578845347320643
368.8514986056758,Private room,2,False,10,1,1.327797157439684,0.119528106734041
337.91859020926586,Private room,2,True,10,1,1.3663342379671055,0.5349334596105503
313.54720783633684,Private room,2,True,10,1,1.2897592303027183,0.5521164877855617
447.5898108874465,Entire home/apt,2,False,9,1,1.0576193314364548,1.0653391259990903
243.2451432990416,Private room,2,True,10,1,2.8706328438025386,1.2788940751193616
933.8457572704052,Entire home/apt,4,False,10,2,1.0140664267918649,0.3771036873075551
251.91573125864133,Private room,2,False,10,1,1.2470836669767065,1.098774337645081
377.2877463501512,Private room,2,False,10,1,1.1674923014349312,0.9837430031835354
245.5885454502848,Private room,2,True,10,1,4.230634296706812,2.687144039939682
217.70205985049097,Private room,2,False,8,1,4.180814737167991,2.80843797194201
295.0343308415157,Private room,2,False,10,1,3.366018582385255,0.2258822993056595
295.0343308415157,Private room,2,False,10,1,4.1272800185441785,0.8393253845123759
1032.9716682679916,Entire home/apt,4,False,9,2,2.161607613910167,1.4241694265758251
270.4286082534624,Private room,4,True,10,1,4.88547764075742,1.0948368113158276
524.6877416633469,Entire home/apt,2,False,9,1,1.1263269723055738,1.1210705457980177
599.6766105031285,Entire home/apt,4,False,9,3,3.363590724697365,0.6974224938368218
516.0171537037471,Entire home/apt,4,False,9,2,1.0711683461395805,0.3825354028755497
602.254352869496,Entire home/apt,3,False,10,2,3.856290112898853,0.7279622388446657
504.06580273240695,Entire home/apt,4,False,9,2,4.075247886453735,1.8734109911985728
1609.9172779040612,Entire home/apt,6,False,10,3,2.9885887859177016,1.7500029807371027
310.9694654699693,Entire home/apt,2,False,9,0,4.147086685675081,0.0383546937010648
202.70428608253465,Private room,2,False,10,1,5.611750155516678,3.911722315852436
796.2880509924308,Entire home/apt,4,False,10,2,2.8549916690296686,1.7025833727524873
504.06580273240695,Private room,2,False,9,1,6.411657372487183,4.143226904079955
319.6400534295691,Private room,2,False,10,1,0.5403538681782272,0.3386577422231185
614.4400440559605,Private room,4,False,9,1,0.495828246257032,0.3327422132904341
467.0400487427648,Private room,3,False,10,1,0.5143556615734999,0.2772111229812157
716.3780376350386,Entire home/apt,5,True,10,2,3.69500542587883,0.3975279375938017
350.1042813957304,Private room,2,False,10,0,1.0978692589754402,0.9569279642150376
319.6400534295691,Private room,2,False,10,1,0.3846115997106273,0.3126380462316873
467.0400487427648,Private room,3,False,10,1,0.4715465422801259,0.1432629485982863
983.2915426616364,Entire home/apt,3,True,10,2,1.4305110577156566,1.3525869353715234
298.78377428350484,Private room,2,True,9,0,4.224208587262892,1.5193110444768114
196.6114404893024,Private room,4,False,9,1,6.198278628987274,2.3712668616978507
430.24863496824696,Entire home/apt,2,False,10,1,3.0194408531429744,0.7924066228604738
319.6400534295691,Private room,2,False,9,1,0.3633454412498557,0.2096397288159174
405.6429123801936,Private room,4,True,9,1,5.036497714450563,1.2466108857508118
334.16914676727674,Private room,2,True,10,1,1.151764132843782,0.8970263744801004
491.8801115459424,Private room,2,False,9,1,0.3751350635549438,0.1903946025634141
319.6400534295691,Private room,2,False,9,1,0.3605068051816017,0.2235065665493052
780.3529163639773,Private room,4,False,10,5,1.395578909867689,0.8572393306243391
355.025425913341,Entire home/apt,2,False,9,1,1.4833705939880382,0.5362382328069959
1044.6886790242074,Entire home/apt,4,False,10,2,1.505923967249401,0.175794704274626
847.8428983197807,Entire home/apt,4,False,10,3,1.2673284617211298,1.1579997481608375
373.7726431232864,Private room,2,True,10,1,0.9750693378669916,1.1049968776580508
613.268342980339,Entire home/apt,4,False,9,1,0.2272606763176075,0.4598073595219026
238.3239987814309,Private room,2,True,10,1,5.839438156140002,3.833064537056145
430.24863496824696,Entire home/apt,2,False,10,1,3.0295222155851818,0.9112465307319396
347.9952194596115,Entire home/apt,3,False,6,2,4.416816886287283,0.4468093520238611
330.4197033252877,Entire home/apt,2,False,10,1,2.564051903620257,1.2481531877884884
1179.6686429358142,Entire home/apt,4,True,10,2,0.6265683252747638,0.5815343983346937
259.1802779274952,Private room,2,True,10,1,5.241484167950498,0.6712405206030825
277.9274951374406,Private room,2,True,10,1,3.83291422506462,2.3918012298079425
467.0400487427648,Entire home/apt,3,False,9,2,2.3878907808382155,1.4303944319621709
583.7414758746748,Entire home/apt,2,True,10,1,2.572843321360758,1.4724409675029893
374.944344198908,Private room,4,False,6,1,0.9445213338246298,0.7271074308544552
372.3666018325405,Private room,2,False,10,1,3.893254193637553,0.6574336748516322
479.2257399292293,Shared room,2,True,10,1,1.3772429996352762,0.0779166156732898
454.8543575563003,Entire home/apt,2,True,10,1,2.2849446847498727,1.8275555238239385
206.4537295245237,Private room,2,False,9,1,6.79281178529689,2.443817003121332
497.7386169240504,Private room,2,False,10,1,1.095053365140708,0.9852069073138536
399.5500667869613,Entire home/apt,2,True,10,1,9.335518920505798,0.3804858903310787
761.8400393691562,Private room,4,False,9,2,1.09118232606682,1.216674871885683
317.0623110632016,Private room,2,False,8,1,2.6322379401630376,1.1721670782255924
319.40571321444475,Private room,2,False,10,1,0.3530819578031284,0.4957339182902796
209.03147189089125,Private room,2,True,10,1,4.687725165015746,3.632031437799635
209.03147189089125,Private room,2,True,10,1,4.612475562748068,3.625932548901677
640.4518079347597,Entire home/apt,2,False,9,1,1.7326208039228015,0.504430856064857
209.03147189089125,Private room,2,True,10,1,4.68689685387767,3.595893239791539
934.0800974855296,Private room,4,True,10,1,1.1199150496750092,0.3824055698576001
210.2031729665128,Private room,2,False,9,1,2.478895351747357,1.3334441451638506
221.2171630773557,Private room,2,False,9,1,6.058988674664705,1.7481671673724164
441.2626250790898,Private room,2,False,10,1,0.7922262181442554,0.7338243167507649
325.498558807677,Private room,2,False,8,1,0.9249996021423226,0.7817880235791371
792.7729477655661,Entire home/apt,4,False,10,2,5.902076232094142,1.9405543232877949
213.95261640850188,Private room,2,True,10,1,7.01790675436861,0.2182564429090288
1557.19072950109,Entire home/apt,4,True,9,2,0.7503945779761707,0.8086828844577545
317.0623110632016,Private room,2,True,10,1,3.4008968845053844,1.512648825694328
319.6400534295691,Entire home/apt,2,True,10,1,3.403098485949505,0.7077232272113942
1044.6886790242074,Entire home/apt,2,False,10,1,3.0030686360809,1.6344634192292808
310.9694654699693,Entire home/apt,2,False,9,1,3.571400786708212,2.6197486990397936
295.0343308415157,Entire home/apt,2,False,9,1,4.6654114118221015,2.977480240083396
344.2457760176224,Entire home/apt,2,False,7,0,4.157070172595494,0.1012318191726814
3004.9445785391235,Entire home/apt,4,False,9,4,1.61529472873922,1.4025393444600294
539.2168350010546,Entire home/apt,2,False,10,1,3.7813310591990335,0.9202137108935404
460.9472031495325,Private room,2,True,10,1,0.5851829316999698,0.401275176970096
1376.514423640241,Entire home/apt,4,True,10,2,1.9307016592209525,1.5858252502236687
415.4852014154149,Entire home/apt,4,True,10,1,5.0392331758922175,1.7304866027390526
215.12431748412348,Private room,2,True,10,1,3.5992221200932195,2.460046063839885
393.4572211937291,Private room,2,True,10,1,1.4993631412343562,0.2314822152442006
232.23115318819865,Private room,2,False,10,0,3.716679326293173,1.5569628923100989
774.2600707707451,Entire home/apt,2,True,10,1,1.8105403189141107,0.5203169404675712
291.0505471844023,Private room,2,False,9,1,0.6539669819722009,0.3510826980086694
604.5977550207392,Entire home/apt,4,True,10,1,1.8831520950903005,0.7067286569629585
467.0400487427648,Entire home/apt,2,False,10,1,1.4071102007540723,1.3814078101685354
744.4988634499567,Entire home/apt,2,False,10,0,2.6780920014537366,1.844094477601163
250.74403018301973,Private room,2,True,10,1,2.061576554640393,1.558177167802819
544.1379795186652,Private room,4,True,10,2,1.792237506252496,1.8748732889669992
424.1557893750147,Entire home/apt,2,False,10,1,3.3426480507193443,0.647097191952299
675.6028402034074,Entire home/apt,2,True,10,1,1.2265998445779276,0.4873379813018268
909.4743748974762,Entire home/apt,4,True,10,2,2.6187094013605834,0.4308307558331673
264.1014224451058,Private room,2,True,10,1,2.85095702392196,1.0720367196207157
196.6114404893024,Private room,2,True,10,1,10.723483252396443,0.4545625659060568
700.442903006585,Entire home/apt,4,True,9,2,4.934493704887129,1.0142340425633636
307.22002202798024,Private room,2,True,10,1,3.816301136112157,2.642407201417929
528.2028448902116,Private room,4,False,10,1,4.295560862635061,0.1831750782063814
675.6028402034074,Entire home/apt,2,False,10,1,3.3720972916742413,2.1386838643617683
675.6028402034074,Entire home/apt,4,True,10,1,1.960856865325015,0.500426586761092
515.7828134886229,Entire home/apt,3,False,9,1,3.1412948011878608,2.2704517555461674
442.66866636983576,Entire home/apt,2,False,10,1,1.680914916130399,0.204161187927555
596.1615072762637,Entire home/apt,4,False,10,3,1.9343923826676208,0.2811494140770151
920.4883650083192,Entire home/apt,4,True,10,3,1.2475451828191395,0.939539308934614
718.9557800014061,Entire home/apt,2,False,10,1,2.870363252764024,0.6699301441556185
276.52145384669467,Private room,2,True,10,1,7.723053179546973,3.2463361960463843
988.2126871792468,Entire home/apt,4,False,9,3,2.064980564395761,0.1256081740720538
270.4286082534624,Private room,2,True,10,1,2.4735025666746417,0.3348317397744452
798.6314531436741,Entire home/apt,4,False,8,2,0.218366101609283,0.2591512188348284
3637.6631593747807,Entire home/apt,4,False,10,3,0.7242106613067878,0.1863698123406392
479.4600801443536,Entire home/apt,3,False,9,1,2.010016972105639,1.4750921740191227
934.0800974855296,Entire home/apt,2,True,10,1,1.1547535644310036,1.2846700786178615
639.0457666440138,Entire home/apt,4,False,10,2,1.8376328981523096,1.584238759465108
1474.9373139924544,Private room,5,True,10,2,1.088797787354492,1.212522232900192
1020.082956436154,Entire home/apt,4,True,9,2,1.388807900683971,0.1269511243741907
1192.088674337403,Entire home/apt,4,False,10,2,0.7110008852626659,0.8957467668007161
798.6314531436741,Entire home/apt,2,False,10,1,3.418305160366661,1.1743112776586542
854.4044243432617,Entire home/apt,4,False,10,3,3.3858261601570585,0.8591961020934598
614.4400440559605,Private room,2,False,8,1,3.6811019022708114,0.6261363394588191
283.7860005155485,Private room,2,False,9,1,1.1876186249041147,0.7745627020997912
870.105218756591,Entire home/apt,4,False,10,3,3.7690531200659865,1.5272057403729855
180.20762543060016,Private room,2,False,9,1,2.196436786257042,1.887286633437381
242.07344222342,Private room,2,True,10,1,8.283327632149607,0.5951119453181583
418.0629437817825,Private room,4,False,9,1,3.752141559788319,2.479915042294863
281.4425983643053,Private room,2,False,10,1,2.4074427244730043,1.3443515378999538
215.12431748412348,Private room,2,False,10,1,8.56840750623002,0.8093578607499121
448.5271717479437,Private room,2,False,10,1,1.1011644838435135,0.3515608640822453
614.4400440559605,Entire home/apt,2,False,10,1,2.378975833053337,0.3727314901110468
279.09919621306216,Private room,2,False,9,1,8.568404780360307,0.8093416220982698
663.6514892320672,Entire home/apt,2,False,8,1,3.603560472926401,0.5668273884573035
279.09919621306216,Private room,2,False,9,1,3.018615585902174,0.5247043217551033
1044.6886790242074,Entire home/apt,2,False,10,1,0.7632839134656935,0.7397462391919207
299.72113514400206,Private room,2,False,9,1,4.137211263962653,2.8408930193825026
405.6429123801936,Entire home/apt,2,False,10,1,3.6367767909716906,0.4404027289694567
2556.183066576056,Entire home/apt,6,True,10,3,0.9709188271346144,1.096036280158745
985.6349448128794,Entire home/apt,2,False,10,1,2.1196232016134884,1.5086101517302042
1214.116654559089,Entire home/apt,4,False,9,0,1.9378488749721643,1.5727986406510968
305.8139807372343,Private room,4,True,10,1,3.7107928910227055,0.2215851965007317
937.5952007123944,Private room,4,False,9,1,1.0057848731195025,0.5415389093721886
292.45658847514824,Private room,2,True,9,1,4.718971513745547,0.7322021630584719
552.808567478265,Entire home/apt,4,True,10,1,4.456138821808169,0.4126505145672419
1228.880088111921,Entire home/apt,4,False,8,2,4.018532276866914,0.6144464815739037
251.91573125864133,Private room,2,False,8,1,2.4303914974794214,0.3131754497085762
258.2429170669979,Private room,2,False,9,1,3.168237065948456,0.9120456255463492
562.8851967286106,Private room,4,False,10,1,0.9580992248851998,0.9885629382649193
462.1189042251541,Entire home/apt,2,False,10,0,0.3714395451909041,0.134728523844149
458.369460783165,Entire home/apt,2,True,10,1,2.146646791238017,1.3945468029754575
184.4257493028379,Private room,2,True,10,1,3.472098019071252,1.028521865497918
780.5872565791016,Entire home/apt,4,False,10,2,2.2190485159577604,0.1534425610558035
228.71604996133388,Private room,2,False,10,1,1.258901386091701,1.1347773626037854
221.45150329248003,Private room,2,True,10,1,10.853492735263176,0.7640354186733012
385.9583343097509,Private room,2,False,9,0,0.1613319628315826,0.3700923222171218
436.3414805614792,Entire home/apt,3,False,9,1,3.3127304935792248,0.5168796995178072
626.3913950273006,Entire home/apt,4,True,10,2,2.2645205162247763,0.4557332516539836
835.8915473484406,Entire home/apt,2,False,10,1,1.133040038699657,0.4199509714157932
833.3138049820731,Entire home/apt,4,False,10,2,2.379144746458994,0.4821955342373608
424.1557893750147,Entire home/apt,2,False,10,1,1.590912120846862,1.5167871078585553
602.254352869496,Entire home/apt,4,False,10,1,2.178444728310984,1.3971998000797672
1425.7258688163477,Entire home/apt,4,False,9,2,0.6937770390868382,0.6103862978784339
737.2343167811028,Entire home/apt,4,False,10,3,1.5250661771208915,1.2483942832692196
397.2066646357181,Entire home/apt,3,False,9,1,6.375406380227657,2.446078866743691
290.1131863239051,Private room,2,False,9,1,2.285602198759076,0.2944749113660804
221.2171630773557,Private room,2,True,9,1,2.4741674013100776,1.499850873780279
245.82288566540907,Private room,2,True,10,1,6.050694737204826,1.6662920533924643
196.6114404893024,Private room,2,False,8,1,10.453219551947551,0.3322092144010337
258.0085768518736,Private room,2,True,10,1,4.599353594596956,0.5030919944116142
1413.3058374147588,Private room,4,False,10,4,2.5285867094854373,1.472691888707652
479.4600801443536,Entire home/apt,2,False,9,1,4.774310108806402,0.2820637280625477
920.4883650083192,Entire home/apt,4,True,10,3,1.0502783080107736,0.8064406756102587
622.876291800436,Entire home/apt,2,True,10,1,1.750366502069159,1.6355972255474551
317.0623110632016,Private room,2,False,10,1,0.5932291959302427,0.6365911773087146
344.2457760176224,Entire home/apt,3,False,9,0,5.21296650933706,3.832716042112928
409.39235582218265,Entire home/apt,4,False,9,2,2.6612728993460566,1.970027955112244
282.6142994399269,Private room,2,False,10,1,2.1593820479734256,1.5422503626132524
319.6400534295691,Private room,2,False,9,1,0.3940358562606905,0.1959483590067264
290.1131863239051,Private room,2,False,8,1,2.2105463427447107,1.206081902143363
381.0371897921403,Private room,2,False,10,1,0.7553339649403623,0.4486168804903532
276.52145384669467,Private room,2,True,10,1,5.924732550802987,1.4765118209583892
811.0514845452628,Entire home/apt,2,False,10,1,1.3793400398962383,0.3861357620803379
1106.320155601903,Entire home/apt,2,True,10,1,1.0183806520872525,0.8601405523850606
435.1697794858576,Entire home/apt,2,False,10,1,2.5329930094495627,0.3442966105560922
381.0371897921403,Private room,2,True,10,1,1.2286456559027872,0.3698019532961227
513.673751552504,Entire home/apt,3,False,10,2,3.1050637991936187,1.8878481438597647
309.7977643943477,Private room,2,False,10,1,2.3702088966394856,1.8562790047053896
516.0171537037471,Entire home/apt,4,False,9,2,1.196304903861786,0.9783056128746024
614.4400440559605,Private room,4,False,10,1,1.3701507627213405,0.1073010915114232
737.2343167811028,Entire home/apt,2,False,8,1,2.445875336409064,0.626836891216754
685.9138096688773,Entire home/apt,4,True,10,2,2.8597924696165715,0.5770980648418833
823.4715159468517,Entire home/apt,5,False,10,2,3.503952091186423,1.7228436691300804
307.22002202798024,Entire home/apt,2,False,9,1,2.8949775310449337,1.7688405854417426
1997.281653504558,Entire home/apt,6,False,9,3,1.5122702295762689,0.1941015234293637
638.8114264288895,Entire home/apt,2,False,9,1,4.026662462247161,0.8724677156341855
1136.5500433529398,Entire home/apt,4,True,10,3,3.1972985934282425,0.5412267604627591
405.6429123801936,Private room,4,False,10,1,11.187100154117871,0.4238807315942822
400.4874276474586,Private room,2,False,10,0,0.8307142280759556,0.4514115129639788
307.22002202798024,Private room,2,False,10,1,2.2387743821770667,0.2342390132526644
688.0228716049962,Private room,4,False,10,2,1.2822467230183203,1.197580042986349
648.8880556792352,Entire home/apt,2,False,10,1,1.5910392036654406,1.5138877551236871
331.8257446160336,Entire home/apt,2,False,10,0,2.6153792122347443,1.978808815342543
420.4063459330256,Entire home/apt,2,True,9,0,2.1379533266321595,0.0576981436516522
774.2600707707451,Entire home/apt,2,False,10,1,3.24668560709205,0.733216648892451
1126.942094532843,Entire home/apt,4,False,8,2,2.88941954285758,1.1995434912583012
208.7971316757669,Private room,2,False,8,1,10.40607716946772,0.4685946543749776
522.3443395121037,Private room,4,False,10,2,2.6965813900665454,1.83151589988676
448.5271717479437,Private room,2,True,9,1,1.2243296655599034,0.9383892634659836
204.1103273732805,Private room,2,False,10,1,10.898646644844804,0.2003325792143527
442.66866636983576,Private room,2,False,9,1,0.8166865418020203,0.9430410759408056
325.498558807677,Private room,2,True,10,1,3.2543600386540854,0.8150482720745783
1351.9087010521878,Entire home/apt,4,False,9,2,0.6128074572394556,0.6261354026228159
583.9758160897992,Entire home/apt,4,False,10,2,6.805426268752378,0.4178391799529932
614.4400440559605,Entire home/apt,4,False,9,3,4.055558885452375,2.144151474553194
279.09919621306216,Private room,4,False,9,1,7.297903452296986,3.0297151455229785
345.1831368781197,Private room,2,False,10,1,1.2051762215606054,0.427585515339741
245.82288566540907,Private room,4,False,10,0,2.86126129098388,1.341994910603279
522.3443395121037,Entire home/apt,3,False,10,2,9.461193276819836,0.5199748417991036
303.4705785859912,Private room,4,False,5,0,3.8756943705432993,0.5335506980152729
798.8657933587983,Entire home/apt,5,False,9,3,3.816294493436277,0.7166396308234398
654.9809012724675,Private room,2,False,10,1,1.157611864220484,0.4427565973806295
277.45881470719195,Private room,2,True,10,1,4.048209028263254,0.1245077819423133
498.910317999672,Private room,4,True,10,2,3.9197071621384896,0.1967484252974422
491.64577133081815,Entire home/apt,4,False,10,2,3.061593749736752,0.4565702771027853
442.4343261547114,Private room,2,True,10,1,2.0819265631422392,2.005066358810773
202.70428608253465,Private room,2,True,10,1,8.328174013681252,3.322728204022658
258.0085768518736,Shared room,3,True,10,1,7.174061152495985,3.00537913654262
245.82288566540907,Private room,2,True,10,1,3.869383502868556,1.1541799683788203
669.7443348252995,Entire home/apt,4,False,9,2,2.502125234308872,1.9683862116295985
453.4483162655544,Entire home/apt,2,False,9,1,2.946369673139789,0.8805309068987951
706.5357485998172,Entire home/apt,4,False,9,3,2.531798798357753,1.9508241563748103
1038.361493215851,Entire home/apt,4,False,9,2,0.1951980501873343,0.2543870729567982
2500.8787758067165,Entire home/apt,4,False,9,1,1.4292708718377594,1.2019194359640075
399.5500667869613,Private room,2,False,9,0,0.9598558196666732,0.6589549052774286
407.9863145314368,Private room,2,False,9,0,1.731690237097334,0.1068345836161703
407.9863145314368,Private room,2,False,8,0,1.7635668072623376,0.1304376878811783
319.40571321444475,Private room,2,False,9,1,1.1103486515953374,1.2007269573498716
817.1443301384951,Entire home/apt,4,False,10,3,4.193063773512277,0.1530381646078639
792.7729477655661,Entire home/apt,6,False,9,3,6.446611060893965,2.5320980249943688
274.1780516954515,Private room,2,False,9,1,1.1633859680678085,0.6138031297978308
774.2600707707451,Entire home/apt,2,False,9,1,0.345523840742521,0.4195982639991573
221.2171630773557,Private room,2,False,10,1,9.230171256230186,0.2947510204240605
436.3414805614792,Private room,2,False,9,0,1.0920611908615705,0.5619198281084249
974.6209547020364,Entire home/apt,3,False,10,1,1.2238902406353978,0.2904783052940414
1044.6886790242074,Entire home/apt,5,False,9,3,3.5132238825336257,1.660496489168836
607.1754973871067,Private room,4,True,10,1,1.4250454822872758,1.3247353046140298
314.4845686968341,Private room,2,False,9,1,2.123122113662819,0.2337022412454324
390.6451386122373,Private room,2,True,9,1,1.4250789186884407,1.324766945124097
449.6988728235653,Private room,4,True,10,1,0.2403669761183767,0.4770434349678951
181.8480069364704,Private room,2,False,10,1,2.7165218008543284,1.5253450419553285
2458.2288566540906,Entire home/apt,5,False,10,3,1.1627614308403376,0.9103197866147276
410.32971668267993,Entire home/apt,2,False,8,1,2.033686640136478,1.3125529101338531
771.6823284043776,Entire home/apt,2,False,9,1,2.670217588988946,0.6242630501583555
415.2508612002906,Entire home/apt,4,True,10,2,7.081052422366315,3.19576631771615
577.4142900663184,Entire home/apt,2,False,9,1,1.2454901675254375,0.4970273626145227
531.9522883322007,Entire home/apt,2,False,9,1,1.210052845440982,0.9869445639151446
552.808567478265,Entire home/apt,4,False,9,2,6.329190085032534,4.411915315184665
1651.864176411314,Entire home/apt,4,False,10,3,0.9479501149031376,0.8155665154980324
282.8486396550512,Entire home/apt,2,True,10,1,4.04677392100638,1.2112289797247815
347.9952194596115,Private room,4,True,10,2,7.448076119094492,2.4623758154471687
485.5529257375859,Entire home/apt,3,False,9,2,2.4211262791138632,1.3912920795491988
436.3414805614792,Private room,2,True,10,1,0.7316357598343444,0.3063782603336532
221.2171630773557,Private room,2,False,10,1,2.772629647037306,1.3098681163007877
460.9472031495325,Entire home/apt,2,True,10,1,1.6603169580718946,0.0365299349690898
552.808567478265,Entire home/apt,4,False,9,3,8.149967773654454,3.3115272879983904
368.8514986056758,Entire home/apt,2,False,10,1,6.978908089437527,0.0687184318413499
209.03147189089125,Private room,2,False,9,0,4.629759730730524,0.8502639211480465
568.9780423218428,Private room,3,False,10,0,0.5016413716644758,0.2751186389666705
1044.6886790242074,Entire home/apt,4,True,9,2,1.7381836787487484,0.3776491570566164
489.30236917957495,Entire home/apt,2,False,8,1,0.5314343611142552,0.147342513212529
239.7300400721768,Private room,2,False,9,1,1.8778904684545863,0.7651677882558822
734.8909146298597,Entire home/apt,4,False,9,2,0.8268636946364731,0.6483040842536506
274.1780516954515,Private room,2,True,10,1,3.169262405932536,0.6419533809730128
399.5500667869613,Private room,2,False,10,1,1.1180016594802644,0.4841207760826837
337.91859020926586,Private room,3,False,10,1,3.042632814959356,1.68990296753702
474.0702551964943,Entire home/apt,4,False,10,2,7.494987621979645,3.316991622443339
534.7643709136926,Entire home/apt,2,False,10,1,2.290544365670652,1.6831399184913935
436.3414805614792,Private room,2,False,9,0,0.9823256087976632,0.6400305551847726
1112.1786609800108,Entire home/apt,4,False,9,2,0.9384199597900156,0.9089482696796484
614.4400440559605,Private room,4,False,9,2,0.8689376780218488,0.9431073696347472
202.70428608253465,Private room,2,False,9,1,3.5789888131796745,1.0807963140739605
430.24863496824696,Entire home/apt,2,False,10,1,3.481206790359048,1.3413970797407817
243.2451432990416,Private room,2,False,9,1,7.104815916987718,0.1969119600847507
277.69315492231624,Private room,2,True,10,1,2.759807642732134,1.6131358710845638
356.4314672040869,Private room,2,False,10,1,2.9304498212371377,0.9890716194329544
555.3863098446325,Private room,3,True,10,1,0.3971287274991505,0.4249699342286068
352.68202376209786,Entire home/apt,2,False,9,1,4.753301220591684,0.291265710472625
318.2340121388232,Private room,4,False,9,1,0.6432797933909642,0.7051149438759162
368.6171583905514,Entire home/apt,2,True,9,1,1.843414802892541,1.567852819146674
774.2600707707451,Private room,4,True,10,1,3.240919753612332,2.034269593921583
1029.925245471375,Entire home/apt,4,True,9,1,1.7763168318632667,0.3904185288251806
326.6702598832986,Entire home/apt,4,False,8,3,3.9253330803389503,1.968889299785439
299.72113514400206,Private room,2,False,10,1,3.812821067852762,1.1108471283219898
688.0228716049962,Entire home/apt,4,False,8,2,4.894306981480401,0.8312679532162717
399.31572657183705,Entire home/apt,3,False,10,1,2.7484060408978936,1.6530573697807769
362.5243127973192,Entire home/apt,2,False,10,2,2.465013388537726,0.1210290090382624
350.1042813957304,Private room,2,True,10,0,1.182523156670852,1.2642717941773842
1038.361493215851,Entire home/apt,2,False,9,1,1.761900973638962,1.6840366529235025
432.3576969043658,Private room,2,False,8,1,1.4333734110859075,1.3630703276441116
337.6842499941415,Private room,2,False,10,1,1.5514001269716866,0.923614786809486
1118.2715065732432,Entire home/apt,4,False,10,3,1.96011552062919,0.2477981208904617
335.57518805802266,Private room,2,False,9,0,3.310462564729232,0.8596018053488346
468.2117498183864,Entire home/apt,2,False,10,1,2.4641833980904337,1.5184080542126452
241.83910200829567,Private room,2,False,9,1,6.32486346550931,1.964267309099485
1739.03873643756,Entire home/apt,4,True,10,2,2.140598515315153,0.2386103255550466
368.6171583905514,Entire home/apt,2,False,10,1,6.291365973282467,2.3808055243960418
346.5891781688656,Private room,2,False,9,0,2.011355928615153,0.4006963639941867
417.8286035666581,Private room,4,False,10,2,2.937801886453491,0.998585843757206
421.34370679352287,Entire home/apt,2,False,10,1,1.737851302767052,1.877712322461092
712.8629344081738,Entire home/apt,2,False,10,1,1.0888412392791802,1.1916766135357626
308.39172310360186,Private room,3,True,9,1,1.9131368224630303,1.521022938247527
333.23178590677946,Private room,2,False,9,0,2.1368991958336045,0.0837770875750669
356.1971269889626,Private room,2,False,10,1,1.8688444053531743,0.8393184180742623
351.51032268647623,Private room,2,False,9,0,1.5647645877321996,0.1816822906160285
264.33576266023016,Private room,2,False,10,1,3.5489264149300257,2.4371601128803
344.2457760176224,Private room,2,True,10,1,2.579456768894296,1.939540827332288
515.7828134886229,Entire home/apt,4,False,9,3,2.680403418532747,1.2899112742126717
491.64577133081815,Entire home/apt,6,False,10,3,4.051917607255711,0.6841712966128629
501.2537201509151,Entire home/apt,2,False,10,1,2.314548394921164,1.595429011714874
552.808567478265,Entire home/apt,3,False,10,1,1.4756207370733208,1.4395679661164715
386.19267452487526,Private room,2,False,10,1,0.2862270363942465,0.2213098445190591
1136.5500433529398,Entire home/apt,4,True,9,2,0.3639339290695795,0.2256158781449668
268.0852061022192,Private room,2,True,10,0,8.396193965451163,3.349573513993501
319.40571321444475,Private room,2,True,10,1,3.257268339680081,1.8448750660290103
1210.3672111171,Entire home/apt,4,False,9,3,7.969305988961323,3.449791233100316
540.6228762918005,Entire home/apt,4,False,9,2,3.53040385878742,2.096772714077786
1044.6886790242074,Entire home/apt,2,False,10,1,2.158727236080072,0.462624354105188
539.6855154313032,Entire home/apt,6,True,10,3,5.309254055530047,2.98330456540736
485.5529257375859,Entire home/apt,2,False,10,1,3.550537513117757,1.394272482037601
178.0985634944813,Private room,2,True,10,1,8.894206248511344,0.4494306281654909
661.308087080824,Private room,4,False,9,2,0.2974726347767152,0.273675427402192
1572.8915239144192,Private room,4,False,9,4,0.1673131477644722,0.2400719766181269
329.4823424647904,Private room,2,False,9,1,0.3700082752668438,0.2649952611077426
436.10714034635487,Entire home/apt,2,False,10,0,3.3864906698808577,0.4393454321343346
722.2365430131465,Entire home/apt,4,True,9,1,2.056143962063712,0.5829532354990414
399.5500667869613,Entire home/apt,4,False,10,2,1.9873365148655668,1.9243132700446044
602.0200126543716,Entire home/apt,2,False,9,1,2.583144908068959,0.6132777706171577
319.40571321444475,Private room,4,True,9,2,7.401774924959425,0.324430029958923
817.1443301384951,Entire home/apt,4,False,10,2,2.2026551610414105,0.4808489268128597
439.8565837883439,Entire home/apt,4,False,10,3,4.745291339574047,0.7900395774136626
546.7157218850327,Entire home/apt,3,False,10,2,2.48625608495136,1.9075886852707808
1161.1557659409932,Entire home/apt,6,False,9,4,1.143335256300487,0.434767398257414
393.4572211937291,Private room,2,False,10,1,1.661022025321989,1.7328978100848034
386.19267452487526,Private room,2,True,10,1,0.3428061638767657,0.2704808015473475
540.6228762918005,Entire home/apt,2,False,10,1,0.8993193377447499,0.8442495516905745
614.4400440559605,Entire home/apt,4,True,10,2,1.4690753644746604,0.1869973972516004
196.6114404893024,Private room,2,False,9,1,4.45291253977435,0.6150929612848858
784.1023598059663,Entire home/apt,5,False,8,2,1.3407265036144973,1.3704601766751132
675.6028402034074,Private room,4,False,10,1,1.2216762047028968,0.6329835978810849
259.4146181426195,Private room,3,False,9,1,2.678607793001168,0.619887130110782
467.0400487427648,Private room,2,False,10,1,1.6450857112662365,1.2728867269609074
442.66866636983576,Private room,2,False,9,1,0.2895266515672745,0.4493808956206092
436.10714034635487,Private room,2,True,9,1,0.2726701727182661,0.4680815370178567
473.132894335997,Private room,2,True,10,1,0.922796231237302,0.6789854703980611
371.1949007569189,Entire home/apt,2,False,7,1,1.3403735525137348,0.8435705630862228
298.78377428350484,Entire home/apt,2,False,9,1,1.2980229450859604,0.8133544991075086
143.65055187120663,Private room,2,False,8,1,6.502260068918842,0.1868052977296511
917.9106226419516,Entire home/apt,4,True,10,2,3.6138475671793455,0.4328047659136378
165.67853209289248,Private room,2,True,10,1,8.78717569020699,0.7601124924663225
968.29376889368,Entire home/apt,6,False,10,3,2.5809634907719534,0.8236820945514493
548.1217631757786,Entire home/apt,3,False,10,2,3.046515129832056,1.3878199440190568
636.7023644927707,Entire home/apt,2,True,10,1,1.0877057867638138,0.4831030836764748
642.5608698708786,Entire home/apt,4,False,10,2,1.7850137283759848,0.8252620114311899
344.2457760176224,Private room,2,True,10,1,0.2804455866459713,0.2733957537077167
373.7726431232864,Private room,2,True,10,1,0.902817036775705,1.053211220818456
737.2343167811028,Entire home/apt,2,False,8,1,1.5409509359930025,0.3004920413890542
194.03369812293488,Private room,2,False,10,1,11.038044988580411,0.6165535508205746
2061.959552878869,Entire home/apt,4,False,9,4,1.337129427158154,0.3750906027160168
282.8486396550512,Private room,2,False,9,1,2.7712160729049127,1.6374777267576586
1130.691537974832,Entire home/apt,4,False,8,3,2.228795196244665,0.4285827306811792
669.7443348252995,Entire home/apt,2,False,10,1,3.1085899421577183,2.0309185993218186
233.63719447894456,Private room,2,True,9,1,4.0910736894608,0.2634186961461464
636.7023644927707,Entire home/apt,2,False,10,1,2.6441496003211595,0.4671583350127822
552.808567478265,Entire home/apt,4,False,9,2,9.186679711215287,0.6987056383144588
368.8514986056758,Private room,2,True,10,1,0.749909127940408,0.588613800221921
855.3417852037588,Entire home/apt,6,False,10,1,2.5809800774886003,0.8236655684837957
675.8371804185317,Entire home/apt,4,False,10,1,2.5809768821939887,0.8236759028790247
243.2451432990416,Private room,2,False,9,1,7.256823710579931,0.3483140225749814
391.8168396878589,Private room,2,False,9,0,0.9357224284744096,0.6611870535492602
491.64577133081815,Entire home/apt,2,False,9,2,0.7420383543710357,0.4912928462120452
549.5278044665246,Private room,3,False,8,0,0.971569080547961,0.6301026675351763
422.7497480842688,Private room,4,False,9,1,0.2754348902526141,0.5105237658897454
438.9192229278467,Private room,2,False,10,1,1.2092938883854898,1.0919718174382118
368.8514986056758,Entire home/apt,2,False,10,1,2.121118972301494,1.94572610404716
602.0200126543716,Entire home/apt,4,False,9,2,3.563816361456737,1.3584681110082284
280.03655707355944,Private room,2,True,10,1,4.593248430863174,0.7231281133302132
447.5898108874465,Private room,2,False,9,0,2.116070967254967,0.9658406237026368
362.5243127973192,Private room,4,True,9,1,4.5939311522871895,0.1051871237368232
191.6902959716917,Private room,2,False,9,1,6.648888306593069,0.4407995498447566
626.625735242425,Private room,2,False,10,1,0.5337976180149427,0.3223209296815849
409.39235582218265,Private room,2,False,9,1,1.472049269004995,1.2387197994690615
271.600309329084,Private room,2,True,10,1,3.397864470100404,2.422338490819688
345.417477093244,Private room,2,True,10,1,2.716817308289298,1.2687303095151
387.1300353853725,Entire home/apt,2,False,9,0,1.8791674519616897,0.2953727420915962
737.2343167811028,Private room,4,True,10,2,2.153009991498413,1.4911980998059209
765.5894828111453,Entire home/apt,4,False,9,3,3.2965734069277315,1.226627473905339
307.22002202798024,Private room,2,True,10,1,3.488159987939203,1.964908681535753
1179.6686429358142,Entire home/apt,4,True,10,2,0.6662369998526062,0.5920692170542828
657.3243034237106,Private room,4,False,9,2,3.0841225527215075,0.5317907808547516
620.7672298643171,Private room,4,False,10,2,3.1641595963446867,0.4767363699926728
618.1894874979496,Private room,4,False,10,2,3.1502542206829074,0.540488286065526
409.39235582218265,Entire home/apt,2,False,9,2,2.9429788856346506,1.4817144252959469
507.5809059592717,Private room,3,True,9,2,2.757608074338754,0.4766601961843698
392.0511799029832,Entire home/apt,2,False,9,1,2.709045091252892,1.2405762988964817
737.2343167811028,Entire home/apt,4,False,8,1,0.5049749473094602,0.338421910928131
501.2537201509151,Private room,2,True,10,0,0.3379457651761013,0.3224488468834334
700.442903006585,Entire home/apt,4,False,9,2,2.793038724881065,1.05041461371443
399.5500667869613,Private room,2,False,9,0,0.4062584290776245,0.44562526639602
300.8928362196237,Private room,2,False,9,1,2.811828644796849,1.0602656077469006
722.7052234433952,Entire home/apt,4,False,8,3,2.955913597127819,1.644883337396129
306.04832095235867,Private room,2,False,9,1,2.8993484756765104,1.6081795662275111
678.4149227848992,Entire home/apt,4,True,10,2,10.729829705225098,0.5039596498564389
418.0629437817825,Entire home/apt,2,False,10,0,1.077961503252688,0.93877851992916
482.9751833712184,Entire home/apt,2,True,9,1,0.3362210405432312,0.5644530996156306
1542.4272959482578,Entire home/apt,4,False,10,2,1.995211956436393,0.2694131643224492
968.29376889368,Entire home/apt,6,False,9,2,2.5810130243666207,0.8236756885990021
767.9328849623885,Entire home/apt,4,False,9,1,2.123157088876007,0.5026921388728146
272.53767018958126,Private room,2,True,10,1,1.821746995584432,1.4715643124926323
624.2823330911818,Entire home/apt,4,False,9,2,3.575143509989056,0.7687288633653885
1179.6686429358142,Entire home/apt,4,True,10,3,1.406046877004593,0.6700167005633776
602.254352869496,Entire home/apt,3,False,9,2,3.5439609687505778,0.4396085408345265
358.7748693553301,Private room,2,True,9,1,2.758944308279711,0.8550361570034479
943.6880463056266,Entire home/apt,4,False,10,1,2.49564889900842,0.9764219624064068
313.3128676212125,Private room,4,False,10,1,0.743948359039764,0.6248095859988213
452.2766151899328,Private room,2,True,10,1,1.3351060020588563,0.5340880619057765
241.1360813629227,Private room,2,False,10,0,8.232046569750697,3.403507056190536
393.4572211937291,Private room,2,True,10,1,7.325870535810913,3.5139902400810885
526.0937829540928,Entire home/apt,3,False,8,3,2.0966638442762786,1.5582261423238473
704.1923464485741,Entire home/apt,4,False,9,3,3.7049954688395865,2.2910261030206738
712.6285941930495,Entire home/apt,4,False,10,2,3.434194241351072,0.2901789858581217
553.0429076933893,Private room,4,False,10,2,3.850381411625262,1.000077602362588
497.7386169240504,Private room,3,True,10,0,0.8045956315218976,0.6302379843526383
356.4314672040869,Entire home/apt,2,False,10,0,0.099653501265351,0.3069820702666234
1167.2486115342256,Entire home/apt,4,True,10,2,1.976076094847115,0.3541166133183717
860.2629297213696,Entire home/apt,4,False,10,2,1.0923607673057556,0.5645858864491468
276.52145384669467,Private room,2,False,10,1,3.011492717605268,0.897171291149295
1450.331591404401,Entire home/apt,5,False,10,2,0.5271932106561056,0.2236425474841289
436.10714034635487,Private room,2,False,9,1,1.4781001972750474,1.454009367084325
362.5243127973192,Private room,2,True,10,1,1.3437307396437903,0.5177519727617415
1804.1853162421205,Entire home/apt,6,False,9,3,0.4331093948195396,0.2279685851001318
423.9214491598904,Private room,2,False,10,0,0.8976368472520828,0.718351833185352
521.1726384364821,Private room,3,False,9,0,0.8214128172087305,0.633240498829823
491.64577133081815,Entire home/apt,3,False,9,2,11.03773603590017,0.62723648735813
374.944344198908,Private room,2,False,9,0,0.948788096520026,0.7734100397526606
718.9557800014061,Entire home/apt,2,False,9,1,3.910851974538859,0.9328881519374496
301.127176434748,Private room,2,True,10,1,1.6265889740902009,0.5739458151154336
277.69315492231624,Private room,2,True,10,1,1.3605492938037025,0.8221647565339516
331.8257446160336,Private room,2,True,10,1,1.0935841673244506,0.6136814818182426
228.71604996133388,Private room,2,False,10,1,6.003937195420157,1.1893164742118734
798.6314531436741,Entire home/apt,4,False,10,3,1.47417472781914,1.220433126369452
228.71604996133388,Private room,2,False,10,1,6.003951952173575,1.18932648328062
239.4956998570525,Private room,2,True,9,1,9.348029945732897,0.7445803900753045
301.127176434748,Private room,2,False,10,1,5.4162755237285065,0.5772118077880999
577.4142900663184,Private room,3,True,10,2,2.410867957674224,0.2515066607075367
368.8514986056758,Entire home/apt,2,False,10,1,3.608388448018828,0.7500055295798854
363.4616736578165,Private room,2,False,10,1,1.4922559400801028,1.5041949741295515
387.1300353853725,Private room,2,True,10,1,1.3951070045336125,0.6533778129471487
331.8257446160336,Private room,2,True,10,1,1.2006366562787605,0.494616939734642
774.2600707707451,Entire home/apt,4,False,10,3,3.242923417708941,0.8299651281645313
337.91859020926586,Private room,2,True,10,1,1.3612904337231495,0.6180706858518248
270.4286082534624,Private room,2,True,10,1,5.303744894605014,0.4203411204161449
280.03655707355944,Private room,2,False,10,1,2.477384541826873,1.4363972018379791
798.6314531436741,Entire home/apt,4,False,9,4,3.644934918270801,1.691230146239749
743.5615025894595,Entire home/apt,2,True,10,1,1.5777312456317156,0.3174337692852088
288.7071450331592,Private room,2,False,8,1,0.6803930072622437,0.4493960663752936
384.7866332341293,Entire home/apt,2,False,10,1,1.444189241127498,1.3576806429356143
878.7758067161907,Private room,4,False,9,1,0.1885288278893922,0.1807682543430058
1567.0330185363111,Entire home/apt,3,False,10,0,0.1386645584328363,0.1972943061356879
614.4400440559605,Private room,2,True,10,1,3.8377111455988544,2.8134863633251825
337.6842499941415,Entire home/apt,2,False,10,1,2.622877256729827,1.3433485672929883
489.30236917957495,Entire home/apt,2,False,8,1,1.0632696220786984,1.1958198961371844
764.4177817355237,Private room,4,False,10,2,1.2367465025820918,1.0518418774747902
196.6114404893024,Private room,2,False,9,1,7.083711327609709,3.4133063845220613
1044.6886790242074,Entire home/apt,4,False,8,2,0.2877071439287178,0.0708805340183559
394.3945820542264,Entire home/apt,2,False,10,1,5.145610907606987,1.4258260483667795
721.5335223677736,Entire home/apt,4,False,9,2,3.994828511071973,1.0167929637847486
556.5580109202541,Private room,4,False,7,1,0.5999995685426281,0.1459595422340796
762.0743795842806,Private room,2,True,10,1,0.756970102359457,0.921397238856894
337.91859020926586,Private room,2,True,10,1,1.231425680175296,0.5137138801903348
890.9614979026552,Entire home/apt,4,False,10,2,3.963243943737326,0.8068746127730139
410.5640568978043,Private room,4,False,9,1,4.69702236945333,3.4063201159111443
1429.2409720432124,Entire home/apt,3,True,10,2,0.691933325614957,0.8081288836765702
175.75516134323811,Private room,2,False,10,1,8.377399284977615,3.722545864828776
280.03655707355944,Private room,2,True,9,1,1.9072743504697696,0.6846673932413595
386.8956951702482,Entire home/apt,2,False,10,0,2.978906253871682,1.458253468980608
522.3443395121037,Entire home/apt,4,False,9,1,2.905404786250416,1.5339842203263518
196.6114404893024,Private room,2,False,9,1,4.288270007423799,1.2556685082768544
288.7071450331592,Private room,2,True,9,1,1.8418085686184145,0.5281244287931286
921.6600660839408,Entire home/apt,4,False,10,2,1.6015873642380736,1.5008579628497989
362.5243127973192,Entire home/apt,4,True,10,2,7.6932272926316285,3.776977783080029
734.8909146298597,Entire home/apt,2,False,9,1,0.5545413209293035,0.3462387608679918
393.4572211937291,Entire home/apt,2,False,7,1,0.8294274663677281,0.9038613908996508
531.9522883322007,Entire home/apt,4,False,10,3,2.5254227602653385,1.299804344191244
295.2686710566401,Private room,2,False,10,1,6.479034106524619,4.095711511684364
368.8514986056758,Private room,2,False,9,0,0.4995517654354977,0.0452202367146166
196.6114404893024,Private room,2,False,10,1,7.972738293051172,0.585419388573309
276.2871136315703,Private room,2,False,10,1,1.1803151435424777,1.017945187754835
378.6937876408971,Entire home/apt,2,True,10,1,3.698008283526384,2.443507004982804
510.1586483256392,Private room,2,False,10,1,7.897124607130071,3.34950709086902
700.442903006585,Entire home/apt,4,False,10,2,1.9940523834752912,0.2005759773314424
381.0371897921403,Private room,2,False,10,1,1.154034697516804,0.2640954345088986
209.03147189089125,Private room,2,True,10,1,6.405929876874316,2.096404347128172
1032.502987837743,Entire home/apt,2,False,9,1,1.1617217829190112,1.1559535414523046
491.64577133081815,Private room,4,False,9,1,0.6074574904854887,0.1661690453846391
284.95770159117006,Private room,2,False,10,1,3.646617307681841,2.45410862594702
325.498558807677,Private room,2,False,10,1,0.2988822359077754,0.2552566017232897
337.91859020926586,Private room,2,False,9,1,0.2645439121022677,0.2274570512331603
1002.9761207320788,Entire home/apt,5,True,10,1,1.5112863647308643,1.267770006365097
571.3214444730861,Entire home/apt,2,True,10,1,1.8979244283569967,1.908060732504753
215.12431748412348,Private room,2,True,10,1,4.573755646739478,3.150340867347228
970.8715112600474,Entire home/apt,2,False,10,1,0.7816646297545559,0.7301650831663089
405.4085721650693,Private room,2,False,10,1,2.1576837719183564,1.495510031238361
393.4572211937291,Entire home/apt,2,False,10,1,1.871115677546975,1.529883826847158
909.4743748974762,Entire home/apt,4,True,9,2,3.12479210393515,0.5491544392071435
657.3243034237106,Entire home/apt,4,False,10,2,3.5692106976545204,0.6984649219093739
288.7071450331592,Shared room,3,False,10,1,3.607836531849917,1.6539819223109358
393.4572211937291,Entire home/apt,2,False,9,1,3.1346149544386988,1.9549805476199429
1892.531577343988,Entire home/apt,6,False,10,3,2.0382608219750145,0.1548958309412227
372.3666018325405,Private room,2,True,10,1,3.023485756770368,1.5885218629941165
583.9758160897992,Private room,2,False,10,1,2.1519227347287444,1.6432708214224112
613.0340027652146,Entire home/apt,4,False,10,3,3.38818760577173,2.1115455002657875
348.93258032010874,Private room,2,True,10,1,3.064782626540737,1.7577296924392285
306.04832095235867,Private room,3,True,10,1,1.839897858327952,0.485490105549392
276.2871136315703,Private room,2,False,6,1,2.432694452645903,0.7287260460188892
774.7287512009937,Entire home/apt,4,False,9,2,0.6188752838771392,0.2924994583056112
568.9780423218428,Entire home/apt,4,False,8,3,2.986559534823481,1.0732218232824755
489.30236917957495,Entire home/apt,2,True,10,1,0.5389110321049098,0.2484030642858937
1259.578656293207,Entire home/apt,2,False,8,1,1.8439233325897628,0.3506878607343284
497.50427670892606,Entire home/apt,2,True,10,1,1.888064753502736,1.8058525767287328
1166.3112506737282,Entire home/apt,4,False,10,2,2.6026624232858904,1.236035020445942
632.9529210507816,Private room,4,False,9,2,0.44043270378182,0.4568479340846588
1072.8095048391256,Private room,4,False,9,2,1.927053639386917,0.2629848020509173
255.43083448550607,Private room,2,False,8,1,2.443634646064763,1.2551263234995729
337.91859020926586,Private room,2,True,10,1,6.64146886597979,2.123983401411834
221.45150329248003,Private room,2,False,10,1,10.14956306452238,1.1136174542069004
253.3217725493872,Private room,2,False,9,1,10.128259537926995,1.112341340250019
253.3217725493872,Private room,2,False,9,1,10.073490090961544,1.0036405514042732
253.3217725493872,Private room,2,False,10,1,9.96621180978298,1.1029434397236724
393.4572211937291,Private room,2,False,10,0,1.2177899313284035,1.1412571568986538
504.06580273240695,Entire home/apt,2,False,9,1,1.170821138050782,0.5508823705734878
399.5500667869613,Private room,2,False,10,0,1.1301492900586705,1.0839193532247509
1296.604410282849,Entire home/apt,4,True,10,3,2.181736190332088,0.4671099382495319
907.130972746233,Entire home/apt,4,True,10,2,2.3361408437968723,0.6187855312563412
344.2457760176224,Private room,2,False,10,1,1.862884971413064,0.7031591102460618
539.2168350010546,Private room,4,False,10,1,0.9721050325800308,0.4675960645624426
814.800927987252,Entire home/apt,2,True,10,1,0.992702453740026,1.0846547847896026
614.4400440559605,Entire home/apt,5,False,9,3,2.928281339168406,1.621455341084057
1413.3058374147588,Entire home/apt,4,False,8,3,2.327682714835818,0.7181427551568089
796.2880509924308,Entire home/apt,4,True,10,2,3.602701442903627,0.1007740057793931
467.0400487427648,Private room,4,False,9,2,2.8778553173215284,1.0709355640523273
346.5891781688656,Entire home/apt,2,False,9,1,1.7651125849760003,1.7153961722742237
344.2457760176224,Private room,2,False,10,1,1.264715166206373,0.4703280996300124
438.9192229278467,Entire home/apt,2,False,9,1,4.296259327816605,0.7710028462696366
2058.2101094368804,Entire home/apt,4,False,10,2,2.975607201563641,1.6553353038551804
276.2871136315703,Private room,2,True,10,1,7.594588097597925,0.7838911247101393
602.0200126543716,Entire home/apt,4,False,9,0,1.5170885254790842,1.4293613333939603
337.91859020926586,Private room,3,True,10,1,6.525145643031819,1.9539501035177167
589.8343214679071,Entire home/apt,3,False,8,0,2.8347780882133384,1.3595669919985298
424.1557893750147,Entire home/apt,3,False,9,1,3.627089026715249,1.6989098857854066
430.24863496824696,Private room,2,False,9,1,1.2773008303798905,0.672541589405056
410.5640568978043,Private room,2,True,10,0,1.1397055853048172,0.4416495572029794
546.7157218850327,Entire home/apt,2,False,9,1,1.412392533345688,0.1659570897955379
430.24863496824696,Private room,2,False,9,1,1.2393663643866293,0.737743309544983
774.2600707707451,Entire home/apt,4,True,10,1,1.4323810575774172,1.3824197464176904
577.4142900663184,Entire home/apt,4,True,10,2,2.863347344159845,1.7263130674050886
792.7729477655661,Private room,3,True,10,1,1.478541063093686,1.6031666695885105
454.8543575563003,Private room,4,False,9,2,1.3008801280607143,1.295799455852778
228.71604996133388,Private room,2,True,10,1,3.0382605954299087,1.4573425714918402
221.2171630773557,Private room,2,True,9,1,5.598412744386663,3.950470390051717
405.4085721650693,Private room,2,False,9,0,2.0919879287307603,1.1062793411622822
405.4085721650693,Private room,2,False,8,0,2.238971850341774,1.0309148392372562
642.5608698708786,Entire home/apt,4,False,9,3,3.819808218651902,2.2242555731559417
618.1894874979496,Entire home/apt,4,False,8,2,2.1442717752745533,1.803145765040602
268.0852061022192,Private room,2,True,10,1,3.5060140733365786,0.9248057626643064
299.72113514400206,Entire home/apt,2,True,10,1,3.4386970579425946,0.8192941851368829
470.7894921847538,Entire home/apt,2,True,10,1,1.2707944936456663,0.7067336200557744
385.4896538795023,Entire home/apt,2,True,10,1,2.081457384390995,0.4425872141132757
428.13957303212806,Entire home/apt,2,True,10,1,1.086623021139889,0.704737729790729
342.6053945117522,Entire home/apt,2,True,10,1,1.5852074297594774,1.61021178321822
342.6053945117522,Entire home/apt,2,True,10,1,1.9470405396940744,1.8956003809792463
393.4572211937291,Private room,2,False,10,1,0.1847578358707701,0.420524421186402
467.0400487427648,Entire home/apt,4,False,9,1,2.37860246416926,1.5257127747434576
417.8286035666581,Entire home/apt,2,False,10,1,4.084006228701259,0.8594670615547043
688.0228716049962,Entire home/apt,2,False,10,1,0.7263702059219925,0.7930230502351593
417.8286035666581,Private room,4,False,10,1,4.827759585020316,2.969877703834849
786.4457619572096,Private room,4,False,9,1,0.955192831876313,0.5876071825479904
1007.6629250345652,Private room,2,False,10,1,1.016519295733865,0.5660492016832768
264.33576266023016,Private room,2,True,10,1,2.998842507686355,1.026560937421673
551.6368664026434,Private room,4,False,10,1,1.1337573993837788,0.5986550611358364
442.66866636983576,Entire home/apt,3,False,9,3,3.732498865988086,0.4651874350138927
390.8794788273616,Private room,2,False,9,1,1.3557902069923584,1.3546769443106406
1075.387247205493,Entire home/apt,4,False,9,2,1.9425336211431696,1.4927500311169253
307.22002202798024,Entire home/apt,2,True,10,1,6.705039562493822,2.808977587960279
651.2314578304783,Entire home/apt,4,False,10,2,4.152665401766405,0.6569883924606378
546.7157218850327,Entire home/apt,2,True,10,2,3.753116771036313,0.7795881449410605
675.6028402034074,Entire home/apt,4,False,8,2,4.755320247436294,0.981847879121448
321.74911536568794,Private room,2,True,10,1,0.4804104126544418,0.3369868588035588
921.6600660839408,Entire home/apt,3,True,10,1,2.283412617816736,0.6649530822965309
209.03147189089125,Private room,2,True,9,1,4.892633334993277,0.7334617909631045
388.3017364609941,Private room,2,True,10,0,0.922344123377798,0.9675297502007664
725.0486255946383,Private room,4,True,10,2,3.694524878999427,1.4575222725558423
255.6651747006304,Private room,2,False,9,1,2.221383073882809,1.7018189504673853
245.82288566540907,Private room,2,False,10,1,2.577067709714697,0.4411565599497009
797.6940922831768,Entire home/apt,4,False,10,2,1.2727769466762298,1.3529367815798892
299.72113514400206,Entire home/apt,2,True,10,1,2.0905516880789765,0.4263702451457302
651.2314578304783,Entire home/apt,4,False,6,2,1.7688966597852032,1.5851594458807003
528.437185105336,Private room,2,False,4,1,3.809662558015444,0.4176824191237845
254.4934736250088,Private room,2,False,9,1,3.0240480789132493,0.7980918561129171
177.16120263398403,Private room,3,False,8,1,7.154973232517014,4.13522109398571
576.2425889906967,Entire home/apt,4,False,10,1,0.9084055459944198,0.4025563099128329
1290.2772244744922,Entire home/apt,4,True,10,2,1.6040226674417173,0.6880204806236558
144.82225294682823,Private room,2,False,9,1,7.548067600582284,3.271039670015855
501.48806036603946,Entire home/apt,2,False,9,1,1.3061860455675305,1.282632505080677
468.4460900335107,Entire home/apt,2,False,10,1,1.0564431368612504,0.6573411039299696
459.77550207391096,Private room,2,False,10,1,0.3396755797229193,0.5450973953995212
405.6429123801936,Entire home/apt,2,False,10,1,3.624836691859599,0.4277375497392222
624.2823330911818,Entire home/apt,2,True,10,1,1.5525786171941904,1.0693014214448182
504.06580273240695,Entire home/apt,3,False,10,3,4.075584157136301,0.834389328062028
768.1672251775128,Entire home/apt,4,True,10,2,2.954354853364539,1.45554012551093
306.04832095235867,Private room,2,False,9,1,3.536508811837636,2.442971243797081
497.7386169240504,Entire home/apt,2,True,9,0,1.701844248467862,1.839048672032788
325.498558807677,Private room,4,False,8,1,1.2050898381220732,1.016140984435565
737.2343167811028,Entire home/apt,4,False,9,2,2.3719504943430523,0.4273375576172765
287.7697841726619,Private room,2,True,10,1,2.282736413272373,0.191840947767119
952.5929744803508,Entire home/apt,3,False,10,3,3.0789846654690423,0.4967233289140303
254.2591334098845,Private room,2,True,10,1,7.721628335347926,2.968694453357813
250.5096899678954,Private room,2,True,10,1,2.746605194530164,1.165052643324776
378.6937876408971,Entire home/apt,2,False,10,1,3.610179407822753,1.0065615085511248
205.2820284489021,Private room,3,False,9,1,5.179175368871698,3.4868732978723225
1259.578656293207,Entire home/apt,4,False,9,2,0.5628455510908131,0.4847709182039126
258.0085768518736,Private room,2,False,10,1,2.4568833811097384,1.949458130908684
288.7071450331592,Entire home/apt,2,False,9,0,6.960874174837313,3.754778372584131
375.8817050594053,Entire home/apt,2,False,6,1,1.7630432551974866,1.895295384706367
371.1949007569189,Private room,2,False,9,0,0.8551208090245814,0.6843486326539608
958.4514798584586,Entire home/apt,6,False,9,3,7.150916887381289,3.9465216576496993
196.6114404893024,Entire home/apt,2,False,10,1,5.731539817453588,0.8745813935146027
370.0231996812973,Private room,2,True,10,1,1.9754972005465623,1.9500668835548889
280.03655707355944,Private room,2,False,9,1,2.4209685722717382,1.1649702723162814
814.5665877721276,Private room,4,False,9,1,2.298423367351816,1.6615441727335758
786.4457619572096,Entire home/apt,4,False,10,2,2.5290259737197656,0.5661673341778818
313.3128676212125,Private room,2,True,10,1,3.615052541237581,2.341554351573382
789.9608651840744,Entire home/apt,5,False,8,2,1.349250904525461,1.0167938742260976
356.4314672040869,Entire home/apt,2,False,10,0,3.510244485600586,0.8723002292631058
276.2871136315703,Private room,2,False,8,1,2.643254433919689,1.842504033528384
144.82225294682823,Private room,4,False,9,1,7.611343402946717,3.3052621509021933
995.4772338481008,Entire home/apt,4,False,7,2,0.0150587980705548,0.2495009067725535
1019.8486162210298,Entire home/apt,4,False,9,2,1.0887276389173115,0.6070844062971986
363.6960138729408,Private room,2,False,10,0,0.708642130731959,0.4765767595082926
295.2686710566401,Private room,4,False,9,1,10.488524566478,0.6340117746622399
639.0457666440138,Entire home/apt,4,False,10,2,2.308738725001808,0.4797052624623678
367.44545731492985,Private room,2,True,10,1,3.798167233928072,1.5341407839109014
362.5243127973192,Private room,2,True,10,1,3.754954598705956,1.4051444024403958
504.06580273240695,Entire home/apt,2,False,10,0,1.7241527707153907,1.8225507862225727
691.537974831861,Entire home/apt,4,False,9,2,2.9836134095253497,0.9563636940943456
362.5243127973192,Entire home/apt,2,False,10,1,10.189222107640562,0.2284478777953594
201.53258500691305,Private room,2,False,9,1,3.596517438200612,0.7558042881501363
330.4197033252877,Private room,2,False,10,1,2.306239824770925,0.8325878677440899
572.727485763832,Private room,4,True,10,1,3.1846930797052444,1.828561202167294
425.0931502355119,Entire home/apt,2,False,9,1,3.408245956606983,1.178278980032633
651.2314578304783,Entire home/apt,2,False,10,1,2.6203215252010894,0.2910164200812303
362.5243127973192,Entire home/apt,2,False,7,1,2.190114389681436,0.3177565275300609
423.9214491598904,Entire home/apt,3,False,10,1,2.019398393127015,0.436246625758571
540.6228762918005,Private room,4,True,9,1,1.3106855550260252,0.7724693127181727
374.944344198908,Private room,2,False,9,1,0.2963133809226728,0.2437990579891105
424.1557893750147,Private room,2,False,10,1,0.3345436175529303,0.2246711749811112
442.4343261547114,Entire home/apt,3,False,9,1,0.8396060970704041,0.5951081748965891
411.73575797342585,Private room,2,True,10,1,1.310661309014378,0.7724453710697705
430.24863496824696,Private room,2,False,9,1,0.4263213837671397,0.2599003116014973
614.4400440559605,Entire home/apt,4,False,8,3,8.164277879741483,0.6759159579099971
405.6429123801936,Entire home/apt,2,False,10,1,2.520681130531077,1.2955615326886665
950.0152321139832,Private room,4,False,9,1,0.2802081671693026,0.5140565509908231
342.8397347268765,Private room,2,True,10,1,2.8619528925509754,0.9396279868304532
256.836875776252,Private room,3,False,8,1,2.6381580666895825,1.3122833911328724
319.40571321444475,Private room,2,False,7,1,0.7155139728947645,0.236006193982118
410.5640568978043,Entire home/apt,2,False,10,0,3.300063097685757,0.6574074643104452
700.442903006585,Entire home/apt,4,True,10,1,1.9486428405643696,1.8466109336425631
245.82288566540907,Private room,2,False,9,0,2.0851041960765224,0.3686876001937587
534.7643709136926,Entire home/apt,4,False,10,2,2.790261936554608,0.572751297214144
571.3214444730861,Entire home/apt,4,False,9,0,3.2944534593264945,0.6703715326917843
356.4314672040869,Private room,2,True,10,1,1.303236431442467,1.3098106597142083
1041.173575797343,Entire home/apt,2,False,10,1,0.8636234431312255,0.324197213036905
768.6359056077614,Entire home/apt,4,True,10,2,0.9685772581216197,0.4431243916953349
342.6053945117522,Entire home/apt,2,True,10,1,3.797424701141159,1.1844635087944526
430.24863496824696,Entire home/apt,2,False,8,1,2.1638971039270123,0.668772405016601
210.2031729665128,Private room,2,False,8,1,3.325717488510892,1.9749429180473963
301.127176434748,Private room,2,False,9,1,6.612570183365392,2.6626697638970924
841.7500527265485,Entire home/apt,6,False,9,2,1.1705919401848928,1.043848551312259
614.4400440559605,Entire home/apt,4,False,10,2,4.081379983376794,0.9296212452431596
702.0832845124553,Entire home/apt,4,False,8,1,2.032401443779516,1.8772275779288508
380.5685093618917,Private room,2,False,9,1,2.97209949545444,0.9188638529635088
313.3128676212125,Private room,2,False,10,1,0.7215790783001563,0.59299996188348
337.91859020926586,Entire home/apt,2,False,10,1,2.7578981263551,1.6614883604947426
288.7071450331592,Private room,2,False,10,1,0.7815138353314021,0.6387634869497506
199.89220350104284,Private room,2,True,9,1,2.321880513394118,1.7972710672871133
344.2457760176224,Private room,2,False,10,1,2.2513736484668017,1.727598528678731
282.8486396550512,Private room,2,False,10,1,1.276425068282495,0.176270148154478
276.2871136315703,Private room,2,False,9,1,2.3413656454251286,0.209794903334326
251.91573125864133,Private room,2,False,8,1,2.527532146743827,0.3397168029391513
405.6429123801936,Entire home/apt,3,True,10,1,3.2084808030963328,0.7617392260758445
283.7860005155485,Private room,2,True,10,0,3.959015728674424,0.6744089115581037
356.4314672040869,Private room,4,False,9,2,2.6615762466665123,0.4909838779621794
244.4168443746632,Private room,2,False,9,1,2.5759182091602297,0.3915894338222112
320.81175450519066,Private room,2,False,9,1,3.316962306152065,1.4992598769919716
645.3729524523704,Private room,2,False,10,1,0.2872028149662998,0.4968487463234998
1714.4330138495068,Private room,4,False,8,4,0.6221387007869636,0.343192151018405
564.0568978042322,Private room,2,False,10,2,3.400626192191605,0.8761523906986786
940.1729430787618,Entire home/apt,4,False,9,2,1.1606518056003796,0.9283791093081158
465.63400745201886,Private room,4,False,10,2,1.7908514511636509,1.2193062162305894
368.8514986056758,Private room,3,False,10,1,6.3262199211622985,1.3547288689925836
491.64577133081815,Entire home/apt,2,False,9,0,1.559842106579769,0.4380549746259914
177.16120263398403,Private room,2,False,10,1,4.245379779425726,0.4001626130870601
391.8168396878589,Private room,2,True,10,0,1.3195079799209568,1.2331947235647396
443.606027230333,Entire home/apt,2,False,9,1,1.9085670632872,0.6992974213303557
565.2285988798538,Entire home/apt,4,False,9,2,6.84285186563212,2.249047727402284
921.6600660839408,Entire home/apt,4,False,8,1,0.4099399980979752,0.2774761464991365
950.0152321139832,Private room,4,False,8,1,2.091818701865924,1.517031911552743
694.5843976284771,Entire home/apt,2,True,9,1,1.729196947067122,0.4963551695234535
313.3128676212125,Private room,3,True,10,2,8.436536017078248,4.03001394249167
517.4231949944931,Private room,4,True,10,2,4.486620645389316,0.7057572605145639
288.7071450331592,Private room,4,True,10,1,5.189394693054406,3.830982737326633
300.8928362196237,Private room,2,False,10,1,1.3678260629626928,1.478442335911112
479.4600801443536,Private room,4,True,10,2,4.166279688010482,0.1129651468266271
640.4518079347597,Entire home/apt,2,False,6,1,1.908979697867656,0.2937352784899475
1066.4823190307688,Entire home/apt,4,True,8,3,2.1951353114167254,0.3181482617725802
496.5669158484288,Entire home/apt,2,False,10,1,2.8074567437426787,1.6711178545700378
420.4063459330256,Private room,2,False,9,1,1.9923415469244536,1.859794731174229
359.9465704309517,Private room,2,True,10,0,0.7118574718225213,0.5470815390542403
421.34370679352287,Entire home/apt,2,False,10,1,3.2999354886014425,2.160315860926638
540.6228762918005,Entire home/apt,2,False,7,1,0.8108103657106573,0.2856926425096831
251.91573125864133,Private room,2,True,10,1,4.320341844989007,0.2669770556224733
305.8139807372343,Private room,2,False,9,1,0.3720313749795971,0.4157414723468542
1228.880088111921,Entire home/apt,2,False,10,2,1.379197102395432,0.3639411372810649
645.3729524523704,Private room,2,False,10,1,0.8997135965288077,0.8018884224404086
645.3729524523704,Private room,2,False,10,1,0.9198881611320572,0.8208105017213989
613.7370234105875,Private room,4,True,10,2,0.7761684604222954,0.8529929215204265
245.82288566540907,Private room,2,False,9,1,6.34895423462532,1.4026486427602332
589.8343214679071,Entire home/apt,2,False,10,1,1.4453770360446498,1.53434624900011
534.5300306985682,Entire home/apt,3,False,10,2,2.325287055624981,1.4992338176800355
1348.6279380404471,Entire home/apt,6,False,10,2,1.6098833605867957,0.0568915518360108
464.4623063763973,Private room,4,False,9,0,0.8079505112776075,0.8667433551734591
356.4314672040869,Private room,2,False,10,1,0.9987824020226668,0.8486543150264099
387.1300353853725,Private room,2,True,10,1,1.0332069363851546,1.0123424390666131
387.1300353853725,Private room,2,True,10,1,1.028764213769963,1.002226334961589
304.64227966161275,Private room,2,True,10,1,3.018859481136626,1.2066437267905972
491.64577133081815,Entire home/apt,2,False,8,1,3.592605345199492,2.1568044843643843
1348.6279380404471,Entire home/apt,6,True,10,2,1.8745762721732204,0.3585655010018879
254.4934736250088,Private room,2,True,10,1,3.34692548642227,1.6670195059666508
473.132894335997,Entire home/apt,4,False,10,0,3.330384570950704,0.8049068471205659
274.1780516954515,Private room,2,True,9,1,1.875584962520056,1.672048221471111
647.4820143884892,Entire home/apt,3,False,10,1,1.096748152612239,0.5689210236971738
342.6053945117522,Entire home/apt,2,True,10,1,2.5205570998744684,0.1220813873662373
632.9529210507816,Entire home/apt,4,False,9,2,7.072238378231082,2.9398697830337768
511.5646896163851,Private room,4,False,9,1,1.4447185744918678,0.7329278410387977
354.32240526796807,Private room,2,False,10,1,1.428787220814082,0.7166359976927752
535.7017317741899,Entire home/apt,2,False,8,1,3.460300763781245,1.3848683663520591
271.8346495442083,Private room,2,True,10,1,3.2620446351619696,2.4870926069788584
798.6314531436741,Entire home/apt,4,False,10,2,1.1470018548364147,1.1995965097495065
325.498558807677,Entire home/apt,2,False,10,1,3.5838172734835507,2.3182719760724355
673.4937782672885,Entire home/apt,4,False,8,2,0.8031378819495307,0.8839577106481199
699.0368617158391,Entire home/apt,4,False,10,3,0.9159026964790178,0.4093475670674387
282.8486396550512,Private room,2,False,9,1,1.4206889151077826,1.0813674195585403
491.64577133081815,Private room,2,False,10,2,0.4997076915125893,0.4069236248754032
361.3526117216976,Entire home/apt,2,False,10,0,0.11480567677719,0.2714977931930777
331.8257446160336,Private room,2,False,10,1,2.3443840447556314,0.0484628244968149
331.8257446160336,Private room,2,False,10,1,2.3322338984509527,0.0549307888656383
1199.5875612213813,Entire home/apt,6,True,10,3,3.628542356356035,0.8499333406372869
422.7497480842688,Private room,2,False,8,0,1.859068431968525,0.3966733830715146
319.6400534295691,Private room,2,True,10,1,4.781588996277906,0.9067654661138872
606.0037963114851,Entire home/apt,6,False,10,3,7.536428063847354,0.8891807824210028
351.04164225622765,Entire home/apt,2,False,10,1,4.298415048053856,0.418791486095052
682.8673868722612,Entire home/apt,4,False,10,1,2.206552019339292,0.5155278023657777
675.8371804185317,Entire home/apt,4,False,8,2,4.0944518730887545,0.2791166329324314
552.808567478265,Entire home/apt,4,False,9,3,7.759528868844793,3.625385959526186
233.63719447894456,Private room,2,True,10,1,3.9570815553468113,0.6274444075007614
361.1182715065733,Entire home/apt,4,True,10,2,7.725574011356432,3.8045385515697663
476.8823377779861,Private room,4,False,10,2,5.428554753160273,3.5955950031421526
403.0651700138261,Entire home/apt,2,False,9,1,1.8351420874060127,1.8979163470830995
669.7443348252995,Entire home/apt,4,False,10,3,1.4124607027728648,0.9831304711412682
622.876291800436,Entire home/apt,4,False,9,2,2.0998153753361,0.3243962311995282
454.8543575563003,Private room,2,True,10,1,2.3834566944260533,1.4036925498303976
258.2429170669979,Private room,2,False,8,1,6.926201296462398,2.4972836069250057
639.9831275045111,Entire home/apt,4,False,10,2,4.220556208072695,0.3120222481832971
297.6120732078832,Entire home/apt,2,False,10,1,4.298145493967283,0.4121115057900435
309.56342417922343,Private room,4,False,10,2,3.345235816001414,2.275849329447833
307.22002202798024,Private room,2,True,9,0,4.3026758706919725,2.6279050708786102
281.4425983643053,Private room,2,False,10,1,4.747394405324037,1.972626624026964
339.0902912848874,Private room,2,True,10,1,1.5378472279768334,1.464131062945396
279.09919621306216,Private room,2,False,9,1,4.605597187771903,1.8863276005516103
245.5885454502848,Private room,2,False,9,1,4.932550680236493,0.9991410191015112
921.6600660839408,Entire home/apt,4,True,10,2,1.3089707963485309,0.3424234828581192
458.369460783165,Entire home/apt,4,False,8,2,4.732919905394052,1.4714543072546298
313.3128676212125,Private room,2,False,9,1,1.3386022599898058,1.2924278905028768
315.89060998758,Private room,2,False,9,1,1.3279567029507786,1.254088875752925
699.0368617158391,Private room,3,False,10,1,1.0505505188320818,0.5587609221333576
397.2066646357181,Entire home/apt,2,False,10,1,2.4283706566329344,1.7472691351888177
504.06580273240695,Private room,4,False,10,1,1.423924114224392,0.1089403915386729
653.5748599817215,Entire home/apt,2,False,10,1,0.8946649699607463,0.3842044610919012
258.2429170669979,Private room,2,False,9,1,7.540330083571495,3.1044409032630145
398.1440254962154,Private room,2,False,10,1,2.612766984893799,0.3083530165701231
798.6314531436741,Entire home/apt,4,True,10,1,0.7053916540638546,0.4546837615319491
304.8766198767371,Private room,4,False,9,1,2.863134207896436,1.6891278601063946
449.46453260844095,Private room,4,False,10,1,2.2926956908797664,0.5589340690081357
303.00189815574254,Private room,2,False,4,1,2.123892266341892,0.4153789595656777
292.45658847514824,Private room,2,True,10,1,0.8808097653306928,0.514271156345706
306.04832095235867,Entire home/apt,2,False,9,1,3.6601617142836327,0.5696716652337547
403.0651700138261,Private room,2,True,10,1,1.0004624406530764,1.0339078176519003
387.1300353853725,Private room,2,True,10,1,1.0469273515964408,0.570379005510663
250.74403018301973,Private room,2,True,10,1,5.529602244701479,0.6503678718571682
274.1780516954515,Private room,2,False,9,1,6.4813496620849405,0.1581548155442651
447.5898108874465,Private room,2,False,10,1,0.2746367615057592,0.498288382581228
366.5080964544326,Private room,2,True,10,1,0.9624136232772268,0.95619103764933
426.0305110960092,Entire home/apt,2,False,10,1,4.199872161019502,0.4475125907652678
467.0400487427648,Private room,2,False,10,1,0.2224653424234426,0.4506704439473459
1198.1815199306354,Entire home/apt,4,False,10,2,1.0622277144004433,0.2513610264574114
161.9290886509034,Private room,2,False,9,1,7.145768567891592,2.759655850135027
550.4651653270219,Entire home/apt,2,True,10,1,0.5699956913338966,0.6323017441042645
522.3443395121037,Entire home/apt,2,False,9,1,1.838241415169322,1.7479738637088578
764.4177817355237,Entire home/apt,4,True,10,2,3.879703742801448,1.0128586947340377
602.0200126543716,Entire home/apt,2,False,7,1,3.673035031025522,0.6952591367294633
245.82288566540907,Private room,2,False,10,1,9.824615769196049,0.4564919556120138
298.78377428350484,Private room,2,True,8,1,3.5574247477897893,0.997353296404995
221.2171630773557,Private room,2,False,7,1,2.865101053492943,0.6948838331281413
940.1729430787618,Private room,4,False,10,2,0.9145628895743289,0.4087410334791735
417.8286035666581,Entire home/apt,4,False,8,2,4.093198122590339,0.9111774049361224
649.1223958943594,Entire home/apt,4,False,10,3,4.031395274924495,2.713745120429844
952.5929744803508,Entire home/apt,4,False,10,1,1.2559576256254443,0.3850952787449667
215.12431748412348,Private room,2,False,9,1,6.273254202471254,0.0752365553720472
274.1780516954515,Private room,2,False,10,1,4.687321606984654,1.9290886208574347
325.498558807677,Private room,4,False,9,2,0.406359167097411,0.4619657127380694
447.3554706723221,Private room,2,False,10,1,0.2613177343616277,0.4913206361539431
1348.6279380404471,Entire home/apt,6,False,10,2,1.8202441536342264,0.2136804447445945
636.7023644927707,Private room,4,False,9,2,0.4353879812681013,0.304291556712768
566.6346401705997,Entire home/apt,4,False,6,2,1.871275968182017,1.9337091159122537
256.836875776252,Private room,2,False,10,1,3.321128370046364,1.524860774848693
196.6114404893024,Private room,2,False,9,1,8.247649252547468,0.4995292640250389
234.57455533944184,Private room,2,False,10,1,5.915422628026759,1.3342193779915297
378.6937876408971,Private room,2,False,10,1,0.5566559866387716,0.4978480505320696
264.33576266023016,Private room,2,True,10,1,4.199349945477342,3.033295572439463
128.88711831837463,Entire home/apt,2,False,10,1,3.9144099712192673,1.0657923950511647
274.1780516954515,Private room,2,True,10,1,2.4168379908071165,0.252064711542811
485.5529257375859,Entire home/apt,2,False,10,1,2.067764764686258,0.2257270156158943
340.49633257563335,Private room,2,False,10,0,0.8367433734974645,0.6656984200468112
814.5665877721276,Private room,4,False,8,1,2.280619541254618,1.5968811141799186
288.7071450331592,Private room,2,False,9,0,3.910020733743565,1.96417866034997
713.8002952686711,Entire home/apt,4,False,10,1,1.0002345144085256,0.49622052078854
405.4085721650693,Private room,2,False,10,1,0.5067521079354927,0.4537743064745519
786.4457619572096,Entire home/apt,4,False,10,2,1.0256276331462362,0.8626311279689606
718.9557800014061,Entire home/apt,4,False,9,2,2.020715217433039,0.6736168389407574
405.6429123801936,Entire home/apt,2,False,8,1,2.594726489754978,1.1587122498461673
258.0085768518736,Private room,2,True,10,1,1.8856959227564307,0.2896530778564967
823.4715159468517,Entire home/apt,4,True,10,3,1.7493625479935593,1.086370828433474
761.8400393691562,Entire home/apt,4,False,9,0,2.183217250836813,0.9715567380553226
531.9522883322007,Entire home/apt,4,False,10,1,1.3524775482707307,1.3761891365061378
295.0343308415157,Private room,2,False,10,1,2.8480415194029267,1.426602931090758
921.6600660839408,Entire home/apt,4,False,10,2,3.1135013298466814,1.4838249875839693
289.64450589365646,Entire home/apt,4,False,10,2,5.501040311938979,3.281450303876428
539.2168350010546,Private room,3,True,10,1,4.843614737555418,0.5820594454254387
773.0883696951234,Entire home/apt,4,False,10,2,2.980651115450149,1.1030307670570212
307.22002202798024,Private room,2,True,10,1,6.760135846625136,2.192304227216291
307.22002202798024,Private room,2,True,10,1,6.802569194960171,2.1596975796391003
288.7071450331592,Private room,2,False,8,1,3.670801694178024,0.8635917565167472
467.0400487427648,Entire home/apt,2,False,10,1,2.077703390434089,0.2079603882524178
552.808567478265,Private room,4,False,8,2,4.547374296331387,0.8719130307355043
921.6600660839408,Entire home/apt,4,False,10,2,1.5605057217916218,1.545169284178017
614.4400440559605,Entire home/apt,4,False,10,3,2.17628679091166,1.7478432092170455
423.9214491598904,Entire home/apt,2,False,10,0,0.5932175621842551,0.5040828461367526
626.3913950273006,Entire home/apt,4,False,10,1,2.8349323218135347,0.4921804154168875
737.2343167811028,Entire home/apt,4,False,9,1,0.985424878379576,0.1673273754409381
198.9548426405456,Private room,2,True,10,1,3.874504460159641,2.764327938573845
282.6142994399269,Private room,2,True,10,1,2.11579009570519,1.5912666058298195
467.0400487427648,Entire home/apt,4,False,10,1,4.943955854904402,3.4515249236469354
411.5014177583016,Private room,4,False,10,1,2.2611117406120025,1.8825092497769225
811.0514845452628,Entire home/apt,4,False,9,2,1.9297542636856864,0.5587222831601781
614.4400440559605,Entire home/apt,3,False,7,2,3.745608868675632,1.2895512595930496
270.4286082534624,Private room,2,False,10,1,5.132776071796975,0.3274585099687409
276.52145384669467,Private room,2,False,10,1,7.213495209980224,2.822288918473796
258.2429170669979,Private room,2,False,10,1,2.8858260467747234,0.5319287229422929
384.7866332341293,Entire home/apt,2,False,10,1,4.029369643741768,0.9768285209647872
728.7980690366275,Entire home/apt,4,False,10,2,3.1535562293402064,0.6019040352325485
387.1300353853725,Entire home/apt,2,False,8,0,1.9041523335258497,1.5853024988361557
233.63719447894456,Private room,2,False,6,1,8.145036770815985,0.6884091181209882
1301.2912145853352,Entire home/apt,4,False,10,2,1.8586013476855447,0.6237845548999664
436.10714034635487,Entire home/apt,3,False,10,1,4.303129454004102,0.1937963362257176
393.4572211937291,Entire home/apt,2,False,10,1,1.8518876618235631,0.684858652414175
515.5484732734985,Entire home/apt,2,False,10,1,3.620812513463714,2.500075677795874
225.66962716471767,Private room,2,False,10,1,1.620808584212588,0.0510521030736588
209.03147189089125,Private room,2,False,6,1,8.0695081791365,0.4333650387135371
393.9259016239777,Private room,4,False,10,1,2.1769794974218626,0.7344087542751933
504.06580273240695,Entire home/apt,4,True,10,2,2.2623924565330835,1.8476262036774247
350.33862161085466,Private room,2,False,10,1,2.1895054583458893,0.669013716767363
221.2171630773557,Private room,3,False,10,1,6.027607454192399,1.094775826973951
258.0085768518736,Private room,2,False,10,1,3.0837439315050776,1.6824395224440585
430.24863496824696,Entire home/apt,4,False,9,2,5.9689563746994985,1.0517066498339125
405.6429123801936,Entire home/apt,2,False,10,1,3.4616753363776662,1.3320262572790251
669.7443348252995,Entire home/apt,4,False,8,1,1.379446055148139,1.395652581543664
540.6228762918005,Entire home/apt,3,False,10,2,4.033325207943663,0.9769056281413296
1044.6886790242074,Entire home/apt,4,False,9,1,0.4955941275992037,0.1733919684462981
215.12431748412348,Private room,2,False,10,1,3.678925134273031,0.178057071188013
258.0085768518736,Private room,2,False,10,1,3.3301962748360974,1.3913833749046491
201.53258500691305,Private room,3,False,10,1,5.59049207795143,3.557875229294197
368.8514986056758,Entire home/apt,2,False,10,1,3.909555630467083,0.7112808073094554
217.70205985049097,Private room,2,False,10,1,4.2213741609279385,0.5180858655134936
1388.7001148267054,Entire home/apt,6,True,10,2,0.1228203248413586,0.2472316636241306
409.39235582218265,Entire home/apt,4,False,10,2,2.5666673907412783,1.888951828778548
196.6114404893024,Private room,2,True,10,1,4.830131394541534,2.747204463426202
589.8343214679071,Entire home/apt,2,True,10,1,1.3052844539313395,1.230478279830624
356.4314672040869,Private room,2,True,10,0,2.468841974061337,1.8489324105176428
682.1643662268882,Entire home/apt,4,True,8,2,1.9767603992787524,1.8235124571663843
356.4314672040869,Entire home/apt,2,False,10,1,3.063940577780516,1.3499227421669824
1049.3754833266937,Entire home/apt,4,True,9,2,1.3527171509818487,1.46568090120341
952.3586342652264,Entire home/apt,4,True,10,2,3.5722610459210875,0.1940536047496463
454.8543575563003,Entire home/apt,3,False,9,1,1.2286417127567772,0.4988160279038703
823.4715159468517,Entire home/apt,2,True,10,1,0.5684281277104399,0.5387855497847494
737.2343167811028,Entire home/apt,4,False,10,3,2.403629097037157,1.8510833525786383
1714.4330138495068,Entire home/apt,3,False,10,1,1.1650497790905727,0.2262038580473698
919.0823237175732,Entire home/apt,2,False,9,1,1.4362811734094796,0.2346408021264288
227.310008670588,Private room,2,True,10,1,3.6067223036084672,1.5137191979567906
539.4511752161789,Entire home/apt,2,False,10,1,2.943119229963576,0.8924623427814534
366.2737562393083,Private room,2,True,10,1,0.7574287959421382,0.2231727170496931
657.3243034237106,Entire home/apt,4,True,10,2,2.525383516566168,0.7718199873581287
218.63942071098825,Private room,2,False,8,1,4.399832981973004,2.909751010360029
1013.9901108429218,Entire home/apt,4,False,9,1,1.3307466253631677,0.3997935402179011
307.22002202798024,Private room,2,True,10,1,3.1304863803782967,1.7015002075939374
319.40571321444475,Private room,3,False,10,1,1.1103474018487711,1.2007247087507342
786.4457619572096,Entire home/apt,2,False,9,1,1.332304005753174,0.2708889023279694
614.4400440559605,Private room,3,False,9,1,0.8152831558920489,0.7488679155496919
934.0800974855296,Entire home/apt,4,False,9,2,0.4719180294726839,0.3152712772909713
282.8486396550512,Private room,4,False,9,2,3.241750792513354,2.477025247507142
233.63719447894456,Private room,2,True,10,1,3.761426082268695,0.3398083009094473
233.63719447894456,Private room,2,True,10,1,4.035971200023007,0.8907361492154611
540.6228762918005,Entire home/apt,2,False,10,1,3.928187717664193,1.0276557871319492
653.8092001968458,Entire home/apt,2,False,10,1,2.5868503858746905,1.267933991656668
1005.0851826681976,Entire home/apt,4,False,9,3,1.5747937917863348,1.2008421789749295
522.3443395121037,Private room,2,False,9,1,0.4341683996804749,0.5092369592182883
245.82288566540907,Private room,2,True,10,1,2.968596307022605,0.9216298507974184
614.4400440559605,Entire home/apt,4,False,10,2,1.0566123013969375,0.4322277893940299
390.6451386122373,Entire home/apt,2,False,9,1,2.1702178060696675,1.9014311128209207
442.4343261547114,Private room,2,True,9,1,2.10656584266115,0.4599680994626323
556.7923511353783,Entire home/apt,2,False,10,1,3.3225399978389736,2.0628729771563603
374.944344198908,Entire home/apt,4,False,10,2,3.794470811792838,1.763390617006357
460.7128629344082,Entire home/apt,4,False,9,1,3.848078438321596,1.7251660365569477
264.1014224451058,Entire home/apt,2,False,9,2,2.4946403060525264,1.3736009940992449
399.5500667869613,Entire home/apt,4,False,10,1,3.4696256124590152,2.4459776013619616
432.3576969043658,Private room,3,False,10,1,1.9724401037661043,0.2926964803873066
393.4572211937291,Private room,2,False,9,1,3.798577678548316,2.4020265043776847
1474.9373139924544,Entire home/apt,4,False,9,2,1.615046033182837,0.3577751768820043
228.71604996133388,Private room,2,False,9,1,4.677773324642946,0.7765772205650255
393.4572211937291,Private room,3,False,10,1,9.738196176857322,0.62375492790135
651.2314578304783,Entire home/apt,4,False,9,2,2.332380072584113,1.478692879292418
7782.907224708832,Entire home/apt,6,False,10,3,2.98073374541505,2.0391116128769253
319.6400534295691,Private room,4,True,10,1,2.254469384327655,0.6769268165251032
390.8794788273616,Entire home/apt,2,False,10,0,2.526830096882939,1.3586437223661696
552.808567478265,Entire home/apt,2,False,9,1,2.4826600390758253,0.2351301162907793
935.0174583460268,Entire home/apt,4,False,8,2,2.041088839062258,0.1504065294975317
192.8619970473133,Shared room,4,False,8,1,9.401664780620823,0.6406848178455218
276.2871136315703,Private room,2,False,8,1,2.2497184583987373,0.4806636557656047
262.92972136948424,Private room,2,False,10,1,3.0634913554155965,0.9969771641172994
546.7157218850327,Entire home/apt,2,True,10,1,0.6097202094674482,0.2295607310927169
312.1411665455909,Private room,2,True,10,1,0.290728499113068,0.4610551130503671
368.6171583905514,Entire home/apt,2,False,10,1,1.6692295089155362,1.495275248092992
782.4619783000961,Entire home/apt,4,False,10,1,1.7333371289473145,0.3500259710777088
344.2457760176224,Private room,2,True,10,1,1.9399110492001328,1.920138777407845
430.24863496824696,Entire home/apt,2,False,10,1,3.0912317368841578,0.5210072615726218
940.1729430787618,Entire home/apt,4,True,10,3,7.996882958161881,0.7716152348460149
325.498558807677,Private room,2,True,9,2,2.138970371292116,0.3887324054771847
841.9843929416728,Entire home/apt,4,True,10,3,1.331917688314553,1.210672038695684
309.7977643943477,Private room,2,True,10,0,1.1714105314817096,1.0160620703614949
399.31572657183705,Entire home/apt,2,False,10,1,3.543162987193514,2.4277815443418658
953.7646755559722,Private room,4,False,9,1,2.105918906623288,1.953864784235962
504.06580273240695,Private room,2,False,10,1,0.3537205344170818,0.3148687795884119
264.1014224451058,Private room,4,False,9,1,5.906416112124655,3.88222253655346
332.0600848311579,Private room,2,True,10,1,3.657749524644078,0.4629715946887
332.0600848311579,Private room,2,True,10,1,3.65773207643044,0.4629939372415161
218.8737609261125,Private room,2,True,10,1,5.211971040375422,3.236320321784766
356.4314672040869,Private room,2,True,10,1,0.4435518548789567,0.5525735316546727
491.64577133081815,Entire home/apt,2,False,10,1,2.125057810233992,0.5636906907201135
454.8543575563003,Entire home/apt,3,False,10,2,5.628886541528493,1.6184893548250954
329.4823424647904,Private room,2,True,10,0,0.982377859667654,0.8507927068273744
702.7863051578282,Entire home/apt,2,False,10,1,0.416242311928918,0.4460427486561224
307.22002202798024,Entire home/apt,3,False,9,1,2.7277437745679425,0.9837028381016688
230.8251118974528,Private room,2,False,9,1,2.993232558094048,2.2304432504885887
504.06580273240695,Entire home/apt,3,True,10,1,2.745901146586424,1.1785697748490571
209.03147189089125,Private room,2,False,8,1,3.323573133269597,1.4042523228813486
442.66866636983576,Private room,2,False,10,1,0.5895222554649929,0.0567934111340297
334.16914676727674,Private room,2,True,10,1,2.5991483876993,1.4611043107989496
1148.7357345394043,Entire home/apt,4,False,9,2,2.141165671733949,0.5815287315762019
1167.2486115342256,Entire home/apt,4,False,10,3,3.999605631618192,2.886141868728968
288.7071450331592,Private room,3,True,10,1,5.0679834254286735,2.8095185164946583
184.4257493028379,Private room,2,False,9,1,5.618298713761942,1.4834041356826904
372.3666018325405,Entire home/apt,2,False,9,1,1.8867031699499623,1.95471254360904
640.4518079347597,Entire home/apt,2,False,9,1,2.157557644321105,0.1937857537458505
304.8766198767371,Private room,4,False,8,1,5.836761322262528,3.92939812408884
313.3128676212125,Entire home/apt,2,False,9,1,2.050311534111596,1.7894569755399825
209.03147189089125,Shared room,2,False,9,1,1.9944623193022368,1.8010989377075828
475.4762964872402,Private room,2,True,10,1,0.5065771383010685,0.300080194268315
546.7157218850327,Entire home/apt,2,True,9,1,1.8996452931758208,1.635648970982586
227.310008670588,Private room,2,True,10,1,3.036183141777524,0.5378669311065164
749.4200079675674,Entire home/apt,2,False,9,1,1.062620817938711,0.929788716025646
310.735125254845,Entire home/apt,2,False,9,1,2.2734285722718925,2.0021775063952765
431.4203360438685,Private room,2,True,10,1,0.4478046276137652,0.2608249170483889
275.34975277107304,Private room,2,False,9,1,6.645303507439035,2.538554702182055
261.75802029386267,Private room,2,False,10,1,3.2215505158787474,0.8038981232057987
196.6114404893024,Private room,2,False,8,1,10.967236270992178,1.8192398417419853
1474.9373139924544,Entire home/apt,3,False,10,2,1.0891583554220026,0.5622186851477062
293.6282895507698,Private room,3,False,8,0,2.183173789164365,1.9037805167517696
497.7386169240504,Entire home/apt,2,False,9,1,2.924101844457317,0.5118896741202701
312.1411665455909,Private room,2,True,10,1,1.870843263846872,0.7145104242332554
280.03655707355944,Private room,2,True,10,1,2.0721371838982243,0.5703225104289903
675.6028402034074,Entire home/apt,2,False,10,1,2.4144613396038546,0.4050562243807235
682.1643662268882,Entire home/apt,4,False,9,2,2.3025871301843264,0.1266261912071032
946.0314484568696,Entire home/apt,6,False,9,2,1.1175090955454527,1.008999987890187
192.8619970473133,Private room,2,False,9,1,7.385804977155294,3.696267241237386
538.2794741405573,Entire home/apt,2,False,9,1,3.0735680076030403,1.58239455985286
1576.640967356408,Entire home/apt,6,True,10,3,1.6780014096135505,1.7498843969741926
439.8565837883439,Entire home/apt,3,True,9,1,2.256485798770533,1.694749966485974
658.7303447144565,Entire home/apt,4,False,8,2,3.5258935890872936,1.1480507847216093
218.8737609261125,Private room,2,True,10,1,3.050917389210352,1.453161313718368
921.6600660839408,Entire home/apt,4,True,10,2,3.586307747826725,0.8560097912936638
315.89060998758,Private room,2,True,10,1,1.7341784700593628,1.8203583899676208
509.9243081105149,Entire home/apt,2,False,9,1,2.818626042486488,1.518472413982306
899.6320858622549,Entire home/apt,4,False,9,1,3.991285842209958,0.1572362826184581
245.5885454502848,Private room,2,False,10,1,4.8570133110489815,0.2160189120717458
386.8956951702482,Entire home/apt,2,False,9,1,3.5133546872454646,0.8891445983036871
1155.2972605628852,Entire home/apt,4,False,9,2,1.1410820729975846,1.1646812551054528
242.07344222342,Private room,2,True,9,1,3.649659688855206,0.9218380213892816
188.1751927448269,Private room,2,False,8,1,3.1190021605045617,0.4825696920969623
355.25976612846534,Private room,3,False,9,0,0.9935731019696956,1.1173687710581215
549.5278044665246,Entire home/apt,2,False,9,1,3.7368974989424655,0.8955660841152472
894.7109413446442,Private room,4,True,10,2,0.3983966086305992,0.3032820638930517
784.1023598059663,Entire home/apt,4,False,9,2,1.7349614517837677,1.642635411658126
737.2343167811028,Entire home/apt,4,False,10,3,2.4400519322286325,1.8749895645814785
373.5383029081621,Private room,2,True,10,1,3.5366764789398184,2.59632847475967
405.6429123801936,Private room,2,True,10,1,0.1757999097494184,0.4116731467722886
798.6314531436741,Entire home/apt,2,False,10,1,0.8025806309574988,0.7704399381762843
264.33576266023016,Private room,2,False,10,1,2.0044798607570056,0.6555276108889897
1941.5086823049703,Entire home/apt,2,False,10,1,0.516734947889863,0.2921606963547296
1450.097251189277,Entire home/apt,2,False,10,1,0.8754657571444243,0.3256625813239212
796.2880509924308,Entire home/apt,2,True,10,1,1.7142671347811131,1.7268543647913286
442.66866636983576,Entire home/apt,4,False,9,2,2.5827827884957606,1.2822417029301671
734.8909146298597,Entire home/apt,4,False,10,2,3.3762037438952053,2.283153281646566
540.6228762918005,Entire home/apt,2,False,10,1,2.925821935647149,0.849131290941062
712.8629344081738,Entire home/apt,4,False,10,2,2.248713992970771,1.6991130120804383
884.8686523094229,Entire home/apt,4,False,10,2,3.306494132878313,1.2977620579311064
264.1014224451058,Private room,2,True,10,1,5.272023718512713,0.7392889390913924
538.5138143556816,Entire home/apt,4,False,10,2,2.613537732746529,0.7526037522975895
442.66866636983576,Private room,2,True,10,1,2.4294707208934065,1.3142699981596224
378.4594474257728,Entire home/apt,3,False,9,1,1.510462088716654,1.173691263230791
524.6877416633469,Private room,2,False,9,1,3.576481587626991,1.0541425298455678
319.6400534295691,Private room,2,True,10,1,1.8902839454205285,0.2998306661490357
221.2171630773557,Private room,2,True,10,1,3.200518257038894,0.9211744299232464
351.51032268647623,Private room,2,True,10,1,0.7211666116938649,0.2181636125312981
847.8428983197807,Private room,2,True,10,1,1.5686984270932698,0.6683316979232571
337.6842499941415,Private room,4,False,9,1,2.8494853358865715,0.9619052042025946
233.63719447894456,Private room,2,False,9,1,2.7841041473458423,1.9098143160053351
237.85531835118223,Private room,2,False,9,1,5.514965156632881,1.7068565505094948
965.0130058819396,Entire home/apt,2,True,10,1,0.691227347664673,0.6737264083182075
388.06739624586976,Entire home/apt,2,False,10,2,2.860040217861274,0.9521696502322442
381.0371897921403,Entire home/apt,2,False,10,1,2.824866520665748,0.9868863524116686
360.18091064607603,Private room,2,False,10,1,3.081525657102117,0.496089994258825
358.7748693553301,Private room,2,True,10,0,3.1413747618077665,0.745628382879752
194.03369812293488,Private room,2,False,10,1,4.915127035200974,0.3233080131697909
755.9815339910483,Entire home/apt,4,False,9,3,2.0108412607207056,0.5650891278645118
316.82797084807726,Private room,2,False,10,1,2.9720557967717705,1.0978273773794718
768.1672251775128,Entire home/apt,4,False,10,3,3.6098603496833377,2.01325599851614
307.22002202798024,Private room,2,False,10,1,1.4678000731747471,1.5494809207222906
276.2871136315703,Entire home/apt,2,True,10,1,3.839556258887888,0.7541537990183548
1437.9115600028122,Entire home/apt,6,False,9,3,0.4382814404938107,0.1112526778129059
1062.967215803904,Entire home/apt,4,True,9,2,0.8321024267105885,0.9602394436467304
584.9131769502965,Entire home/apt,4,False,10,1,2.0064926395041542,0.2033104234910704
571.5557846882103,Entire home/apt,4,False,9,1,3.038978139919832,1.6038187284675045
167.3189135987627,Private room,2,False,8,1,4.867732453035817,1.57850546355438
792.7729477655661,Entire home/apt,4,True,10,2,1.360556253930173,0.4666264782045682
909.4743748974762,Entire home/apt,4,False,8,2,2.1359193328965183,0.2569652707413085
228.71604996133388,Private room,3,True,10,1,7.628766278417894,2.927772902832517
378.6937876408971,Entire home/apt,2,False,9,1,3.326725231508551,1.3305695559947743
295.0343308415157,Private room,2,False,8,1,4.880430260803861,0.8843372439152997
356.1971269889626,Private room,4,True,10,1,2.169252732021212,0.212112618904854
2486.1153422538846,Entire home/apt,2,False,10,1,2.37583262303917,1.4360537205353787
233.63719447894456,Private room,2,False,10,1,4.719735856219555,0.3222634709737823
317.0623110632016,Private room,2,False,10,1,0.5983545011776952,0.7519929810578154
1812.8559042017205,Entire home/apt,4,False,8,5,1.9430198987229763,0.388532101474649
258.0085768518736,Shared room,2,False,8,1,0.2802043670336476,0.5162171303782599
